country;countryiso3code;Region;location_id
Albania;ALB;Europe;1
Albania;ALB;Europe;2
Albania;ALB;Europe;3
Albania;ALB;Europe;4
Albania;ALB;Europe;5
Albania;ALB;Europe;6
Albania;ALB;Europe;7
Albania;ALB;Europe;8
Albania;ALB;Europe;9
Albania;ALB;Europe;10
Albania;ALB;Europe;11
Albania;ALB;Europe;12
Albania;ALB;Europe;13
Albania;ALB;Europe;14
Albania;ALB;Europe;15
Albania;ALB;Europe;16
Albania;ALB;Europe;17
Albania;ALB;Europe;18
Albania;ALB;Europe;19
Albania;ALB;Europe;20
Albania;ALB;Europe;21
Albania;ALB;Europe;22
Albania;ALB;Europe;23
Albania;ALB;Europe;24
Albania;ALB;Europe;25
Albania;ALB;Europe;26
Albania;ALB;Europe;27
Albania;ALB;Europe;28
Algeria;DZA;Africa;29
Algeria;DZA;Africa;30
Algeria;DZA;Africa;31
Algeria;DZA;Africa;32
Algeria;DZA;Africa;33
Algeria;DZA;Africa;34
Algeria;DZA;Africa;35
Algeria;DZA;Africa;36
Algeria;DZA;Africa;37
Algeria;DZA;Africa;38
Algeria;DZA;Africa;39
Algeria;DZA;Africa;40
Algeria;DZA;Africa;41
Algeria;DZA;Africa;42
Algeria;DZA;Africa;43
Algeria;DZA;Africa;44
Algeria;DZA;Africa;45
Algeria;DZA;Africa;46
Algeria;DZA;Africa;47
Algeria;DZA;Africa;48
Algeria;DZA;Africa;49
Algeria;DZA;Africa;50
Angola;AGO;Africa;51
Angola;AGO;Africa;52
Angola;AGO;Africa;53
Angola;AGO;Africa;54
Angola;AGO;Africa;55
Angola;AGO;Africa;56
Angola;AGO;Africa;57
Angola;AGO;Africa;58
Angola;AGO;Africa;59
Angola;AGO;Africa;60
Armenia;ARM;Asia;61
Armenia;ARM;Asia;62
Armenia;ARM;Asia;63
Armenia;ARM;Asia;64
Armenia;ARM;Asia;65
Armenia;ARM;Asia;66
Armenia;ARM;Asia;67
Armenia;ARM;Asia;68
Armenia;ARM;Asia;69
Armenia;ARM;Asia;70
Armenia;ARM;Asia;71
Armenia;ARM;Asia;72
Armenia;ARM;Asia;73
Armenia;ARM;Asia;74
Armenia;ARM;Asia;75
Armenia;ARM;Asia;76
Armenia;ARM;Asia;77
Armenia;ARM;Asia;78
Armenia;ARM;Asia;79
Armenia;ARM;Asia;80
Armenia;ARM;Asia;81
Armenia;ARM;Asia;82
Australia;AUS;Oceania;83
Australia;AUS;Oceania;84
Australia;AUS;Oceania;85
Australia;AUS;Oceania;86
Australia;AUS;Oceania;87
Australia;AUS;Oceania;88
Australia;AUS;Oceania;89
Australia;AUS;Oceania;90
Australia;AUS;Oceania;91
Australia;AUS;Oceania;92
Australia;AUS;Oceania;93
Australia;AUS;Oceania;94
Australia;AUS;Oceania;95
Australia;AUS;Oceania;96
Australia;AUS;Oceania;97
Australia;AUS;Oceania;98
Australia;AUS;Oceania;99
Australia;AUS;Oceania;100
Australia;AUS;Oceania;101
Australia;AUS;Oceania;102
Australia;AUS;Oceania;103
Australia;AUS;Oceania;104
Australia;AUS;Oceania;105
Australia;AUS;Oceania;106
Australia;AUS;Oceania;107
Australia;AUS;Oceania;108
Australia;AUS;Oceania;109
Australia;AUS;Oceania;110
Australia;AUS;Oceania;111
Australia;AUS;Oceania;112
Australia;AUS;Oceania;113
Austria;AUT;Europe;114
Austria;AUT;Europe;115
Austria;AUT;Europe;116
Austria;AUT;Europe;117
Austria;AUT;Europe;118
Austria;AUT;Europe;119
Austria;AUT;Europe;120
Austria;AUT;Europe;121
Austria;AUT;Europe;122
Austria;AUT;Europe;123
Austria;AUT;Europe;124
Austria;AUT;Europe;125
Austria;AUT;Europe;126
Austria;AUT;Europe;127
Austria;AUT;Europe;128
Austria;AUT;Europe;129
Austria;AUT;Europe;130
Austria;AUT;Europe;131
Austria;AUT;Europe;132
Austria;AUT;Europe;133
Austria;AUT;Europe;134
Austria;AUT;Europe;135
Austria;AUT;Europe;136
Austria;AUT;Europe;137
Austria;AUT;Europe;138
Austria;AUT;Europe;139
Austria;AUT;Europe;140
Austria;AUT;Europe;141
Austria;AUT;Europe;142
Austria;AUT;Europe;143
Austria;AUT;Europe;144
Azerbaijan;AZE;Asia;145
Azerbaijan;AZE;Asia;146
Azerbaijan;AZE;Asia;147
Azerbaijan;AZE;Asia;148
Azerbaijan;AZE;Asia;149
Azerbaijan;AZE;Asia;150
Azerbaijan;AZE;Asia;151
Azerbaijan;AZE;Asia;152
Azerbaijan;AZE;Asia;153
Azerbaijan;AZE;Asia;154
Azerbaijan;AZE;Asia;155
Azerbaijan;AZE;Asia;156
Azerbaijan;AZE;Asia;157
Azerbaijan;AZE;Asia;158
Azerbaijan;AZE;Asia;159
Azerbaijan;AZE;Asia;160
Azerbaijan;AZE;Asia;161
Azerbaijan;AZE;Asia;162
Azerbaijan;AZE;Asia;163
Azerbaijan;AZE;Asia;164
Azerbaijan;AZE;Asia;165
Azerbaijan;AZE;Asia;166
Bahamas, The;BHS;Unknown;167
Bahamas, The;BHS;Unknown;168
Bahamas, The;BHS;Unknown;169
Bahamas, The;BHS;Unknown;170
Bahamas, The;BHS;Unknown;171
Bahamas, The;BHS;Unknown;172
Bahamas, The;BHS;Unknown;173
Bahamas, The;BHS;Unknown;174
Bahamas, The;BHS;Unknown;175
Bahamas, The;BHS;Unknown;176
Bahamas, The;BHS;Unknown;177
Bahamas, The;BHS;Unknown;178
Bahamas, The;BHS;Unknown;179
Bahamas, The;BHS;Unknown;180
Bahamas, The;BHS;Unknown;181
Bahamas, The;BHS;Unknown;182
Bahamas, The;BHS;Unknown;183
Bahamas, The;BHS;Unknown;184
Bahamas, The;BHS;Unknown;185
Bahamas, The;BHS;Unknown;186
Bahamas, The;BHS;Unknown;187
Bahamas, The;BHS;Unknown;188
Bahrain;BHR;Asia;189
Bahrain;BHR;Asia;190
Bahrain;BHR;Asia;191
Bahrain;BHR;Asia;192
Bahrain;BHR;Asia;193
Bahrain;BHR;Asia;194
Bahrain;BHR;Asia;195
Bahrain;BHR;Asia;196
Bahrain;BHR;Asia;197
Bahrain;BHR;Asia;198
Bahrain;BHR;Asia;199
Bahrain;BHR;Asia;200
Bahrain;BHR;Asia;201
Bahrain;BHR;Asia;202
Bahrain;BHR;Asia;203
Bahrain;BHR;Asia;204
Bahrain;BHR;Asia;205
Bahrain;BHR;Asia;206
Bahrain;BHR;Asia;207
Bahrain;BHR;Asia;208
Bahrain;BHR;Asia;209
Bahrain;BHR;Asia;210
Bahrain;BHR;Asia;211
Bahrain;BHR;Asia;212
Bahrain;BHR;Asia;213
Bangladesh;BGD;Asia;214
Bangladesh;BGD;Asia;215
Bangladesh;BGD;Asia;216
Bangladesh;BGD;Asia;217
Bangladesh;BGD;Asia;218
Bangladesh;BGD;Asia;219
Bangladesh;BGD;Asia;220
Bangladesh;BGD;Asia;221
Bangladesh;BGD;Asia;222
Bangladesh;BGD;Asia;223
Barbados;BRB;North America;224
Barbados;BRB;North America;225
Barbados;BRB;North America;226
Barbados;BRB;North America;227
Barbados;BRB;North America;228
Barbados;BRB;North America;229
Barbados;BRB;North America;230
Barbados;BRB;North America;231
Barbados;BRB;North America;232
Barbados;BRB;North America;233
Barbados;BRB;North America;234
Barbados;BRB;North America;235
Barbados;BRB;North America;236
Barbados;BRB;North America;237
Barbados;BRB;North America;238
Barbados;BRB;North America;239
Barbados;BRB;North America;240
Barbados;BRB;North America;241
Barbados;BRB;North America;242
Barbados;BRB;North America;243
Barbados;BRB;North America;244
Belarus;BLR;Europe;245
Belarus;BLR;Europe;246
Belarus;BLR;Europe;247
Belarus;BLR;Europe;248
Belarus;BLR;Europe;249
Belarus;BLR;Europe;250
Belarus;BLR;Europe;251
Belarus;BLR;Europe;252
Belarus;BLR;Europe;253
Belarus;BLR;Europe;254
Belarus;BLR;Europe;255
Belarus;BLR;Europe;256
Belarus;BLR;Europe;257
Belarus;BLR;Europe;258
Belarus;BLR;Europe;259
Belarus;BLR;Europe;260
Belarus;BLR;Europe;261
Belarus;BLR;Europe;262
Belarus;BLR;Europe;263
Belarus;BLR;Europe;264
Belarus;BLR;Europe;265
Belarus;BLR;Europe;266
Belarus;BLR;Europe;267
Belarus;BLR;Europe;268
Belarus;BLR;Europe;269
Belarus;BLR;Europe;270
Belarus;BLR;Europe;271
Belarus;BLR;Europe;272
Belarus;BLR;Europe;273
Belarus;BLR;Europe;274
Belgium;BEL;Europe;275
Belgium;BEL;Europe;276
Belgium;BEL;Europe;277
Belgium;BEL;Europe;278
Belgium;BEL;Europe;279
Belgium;BEL;Europe;280
Belgium;BEL;Europe;281
Belgium;BEL;Europe;282
Belgium;BEL;Europe;283
Belgium;BEL;Europe;284
Belgium;BEL;Europe;285
Belgium;BEL;Europe;286
Belgium;BEL;Europe;287
Belgium;BEL;Europe;288
Belgium;BEL;Europe;289
Belgium;BEL;Europe;290
Belgium;BEL;Europe;291
Belgium;BEL;Europe;292
Belgium;BEL;Europe;293
Belgium;BEL;Europe;294
Belgium;BEL;Europe;295
Belgium;BEL;Europe;296
Belgium;BEL;Europe;297
Belgium;BEL;Europe;298
Belgium;BEL;Europe;299
Belgium;BEL;Europe;300
Belgium;BEL;Europe;301
Belgium;BEL;Europe;302
Belgium;BEL;Europe;303
Belize;BLZ;North America;304
Belize;BLZ;North America;305
Belize;BLZ;North America;306
Belize;BLZ;North America;307
Belize;BLZ;North America;308
Belize;BLZ;North America;309
Belize;BLZ;North America;310
Belize;BLZ;North America;311
Belize;BLZ;North America;312
Belize;BLZ;North America;313
Belize;BLZ;North America;314
Belize;BLZ;North America;315
Belize;BLZ;North America;316
Belize;BLZ;North America;317
Belize;BLZ;North America;318
Belize;BLZ;North America;319
Belize;BLZ;North America;320
Belize;BLZ;North America;321
Belize;BLZ;North America;322
Belize;BLZ;North America;323
Belize;BLZ;North America;324
Belize;BLZ;North America;325
Belize;BLZ;North America;326
Belize;BLZ;North America;327
Belize;BLZ;North America;328
Belize;BLZ;North America;329
Belize;BLZ;North America;330
Belize;BLZ;North America;331
Belize;BLZ;North America;332
Belize;BLZ;North America;333
Belize;BLZ;North America;334
Benin;BEN;Africa;335
Benin;BEN;Africa;336
Benin;BEN;Africa;337
Benin;BEN;Africa;338
Benin;BEN;Africa;339
Benin;BEN;Africa;340
Benin;BEN;Africa;341
Benin;BEN;Africa;342
Benin;BEN;Africa;343
Benin;BEN;Africa;344
Benin;BEN;Africa;345
Benin;BEN;Africa;346
Benin;BEN;Africa;347
Benin;BEN;Africa;348
Benin;BEN;Africa;349
Benin;BEN;Africa;350
Benin;BEN;Africa;351
Benin;BEN;Africa;352
Benin;BEN;Africa;353
Benin;BEN;Africa;354
Benin;BEN;Africa;355
Benin;BEN;Africa;356
Benin;BEN;Africa;357
Benin;BEN;Africa;358
Benin;BEN;Africa;359
Bhutan;BTN;Asia;360
Bhutan;BTN;Asia;361
Bhutan;BTN;Asia;362
Bhutan;BTN;Asia;363
Bhutan;BTN;Asia;364
Bhutan;BTN;Asia;365
Bhutan;BTN;Asia;366
Bhutan;BTN;Asia;367
Bhutan;BTN;Asia;368
Bhutan;BTN;Asia;369
Bhutan;BTN;Asia;370
Bhutan;BTN;Asia;371
Bhutan;BTN;Asia;372
Bhutan;BTN;Asia;373
Bhutan;BTN;Asia;374
Bhutan;BTN;Asia;375
Bhutan;BTN;Asia;376
Bhutan;BTN;Asia;377
Bhutan;BTN;Asia;378
Bhutan;BTN;Asia;379
Bhutan;BTN;Asia;380
Bolivia;BOL;South America;381
Bolivia;BOL;South America;382
Bolivia;BOL;South America;383
Bolivia;BOL;South America;384
Bolivia;BOL;South America;385
Bolivia;BOL;South America;386
Bolivia;BOL;South America;387
Bolivia;BOL;South America;388
Bolivia;BOL;South America;389
Bolivia;BOL;South America;390
Bolivia;BOL;South America;391
Bolivia;BOL;South America;392
Bolivia;BOL;South America;393
Bolivia;BOL;South America;394
Bolivia;BOL;South America;395
Bolivia;BOL;South America;396
Bolivia;BOL;South America;397
Bolivia;BOL;South America;398
Bolivia;BOL;South America;399
Bolivia;BOL;South America;400
Bolivia;BOL;South America;401
Bolivia;BOL;South America;402
Bolivia;BOL;South America;403
Bolivia;BOL;South America;404
Bolivia;BOL;South America;405
Bolivia;BOL;South America;406
Bolivia;BOL;South America;407
Bolivia;BOL;South America;408
Bolivia;BOL;South America;409
Bolivia;BOL;South America;410
Bosnia and Herzegovina;BIH;Europe;411
Bosnia and Herzegovina;BIH;Europe;412
Bosnia and Herzegovina;BIH;Europe;413
Bosnia and Herzegovina;BIH;Europe;414
Bosnia and Herzegovina;BIH;Europe;415
Bosnia and Herzegovina;BIH;Europe;416
Botswana;BWA;Africa;417
Botswana;BWA;Africa;418
Botswana;BWA;Africa;419
Botswana;BWA;Africa;420
Botswana;BWA;Africa;421
Botswana;BWA;Africa;422
Botswana;BWA;Africa;423
Botswana;BWA;Africa;424
Botswana;BWA;Africa;425
Botswana;BWA;Africa;426
Botswana;BWA;Africa;427
Botswana;BWA;Africa;428
Botswana;BWA;Africa;429
Botswana;BWA;Africa;430
Botswana;BWA;Africa;431
Botswana;BWA;Africa;432
Botswana;BWA;Africa;433
Botswana;BWA;Africa;434
Botswana;BWA;Africa;435
Botswana;BWA;Africa;436
Botswana;BWA;Africa;437
Botswana;BWA;Africa;438
Botswana;BWA;Africa;439
Botswana;BWA;Africa;440
Brazil;BRA;South America;441
Brazil;BRA;South America;442
Brazil;BRA;South America;443
Brazil;BRA;South America;444
Brazil;BRA;South America;445
Brazil;BRA;South America;446
Brazil;BRA;South America;447
Brazil;BRA;South America;448
Brazil;BRA;South America;449
Brazil;BRA;South America;450
Brazil;BRA;South America;451
Brazil;BRA;South America;452
Brazil;BRA;South America;453
Brazil;BRA;South America;454
Brazil;BRA;South America;455
Brazil;BRA;South America;456
Brunei Darussalam;BRN;Asia;457
Brunei Darussalam;BRN;Asia;458
Brunei Darussalam;BRN;Asia;459
Brunei Darussalam;BRN;Asia;460
Brunei Darussalam;BRN;Asia;461
Brunei Darussalam;BRN;Asia;462
Brunei Darussalam;BRN;Asia;463
Brunei Darussalam;BRN;Asia;464
Brunei Darussalam;BRN;Asia;465
Brunei Darussalam;BRN;Asia;466
Brunei Darussalam;BRN;Asia;467
Brunei Darussalam;BRN;Asia;468
Brunei Darussalam;BRN;Asia;469
Brunei Darussalam;BRN;Asia;470
Brunei Darussalam;BRN;Asia;471
Brunei Darussalam;BRN;Asia;472
Brunei Darussalam;BRN;Asia;473
Brunei Darussalam;BRN;Asia;474
Brunei Darussalam;BRN;Asia;475
Brunei Darussalam;BRN;Asia;476
Brunei Darussalam;BRN;Asia;477
Brunei Darussalam;BRN;Asia;478
Brunei Darussalam;BRN;Asia;479
Brunei Darussalam;BRN;Asia;480
Brunei Darussalam;BRN;Asia;481
Brunei Darussalam;BRN;Asia;482
Brunei Darussalam;BRN;Asia;483
Brunei Darussalam;BRN;Asia;484
Brunei Darussalam;BRN;Asia;485
Brunei Darussalam;BRN;Asia;486
Brunei Darussalam;BRN;Asia;487
Bulgaria;BGR;Europe;488
Bulgaria;BGR;Europe;489
Bulgaria;BGR;Europe;490
Bulgaria;BGR;Europe;491
Bulgaria;BGR;Europe;492
Bulgaria;BGR;Europe;493
Bulgaria;BGR;Europe;494
Bulgaria;BGR;Europe;495
Bulgaria;BGR;Europe;496
Bulgaria;BGR;Europe;497
Bulgaria;BGR;Europe;498
Bulgaria;BGR;Europe;499
Bulgaria;BGR;Europe;500
Bulgaria;BGR;Europe;501
Bulgaria;BGR;Europe;502
Bulgaria;BGR;Europe;503
Bulgaria;BGR;Europe;504
Bulgaria;BGR;Europe;505
Bulgaria;BGR;Europe;506
Bulgaria;BGR;Europe;507
Bulgaria;BGR;Europe;508
Bulgaria;BGR;Europe;509
Bulgaria;BGR;Europe;510
Bulgaria;BGR;Europe;511
Bulgaria;BGR;Europe;512
Bulgaria;BGR;Europe;513
Bulgaria;BGR;Europe;514
Bulgaria;BGR;Europe;515
Bulgaria;BGR;Europe;516
Bulgaria;BGR;Europe;517
Bulgaria;BGR;Europe;518
Burkina Faso;BFA;Africa;519
Burkina Faso;BFA;Africa;520
Burkina Faso;BFA;Africa;521
Burkina Faso;BFA;Africa;522
Burkina Faso;BFA;Africa;523
Burkina Faso;BFA;Africa;524
Burkina Faso;BFA;Africa;525
Burkina Faso;BFA;Africa;526
Burkina Faso;BFA;Africa;527
Burkina Faso;BFA;Africa;528
Burkina Faso;BFA;Africa;529
Burkina Faso;BFA;Africa;530
Burkina Faso;BFA;Africa;531
Burkina Faso;BFA;Africa;532
Burkina Faso;BFA;Africa;533
Burkina Faso;BFA;Africa;534
Burkina Faso;BFA;Africa;535
Burkina Faso;BFA;Africa;536
Burkina Faso;BFA;Africa;537
Burkina Faso;BFA;Africa;538
Burkina Faso;BFA;Africa;539
Burkina Faso;BFA;Africa;540
Burkina Faso;BFA;Africa;541
Burkina Faso;BFA;Africa;542
Burkina Faso;BFA;Africa;543
Burkina Faso;BFA;Africa;544
Burkina Faso;BFA;Africa;545
Burkina Faso;BFA;Africa;546
Burkina Faso;BFA;Africa;547
Burundi;BDI;Africa;548
Burundi;BDI;Africa;549
Burundi;BDI;Africa;550
Burundi;BDI;Africa;551
Burundi;BDI;Africa;552
Burundi;BDI;Africa;553
Burundi;BDI;Africa;554
Burundi;BDI;Africa;555
Burundi;BDI;Africa;556
Burundi;BDI;Africa;557
Burundi;BDI;Africa;558
Burundi;BDI;Africa;559
Burundi;BDI;Africa;560
Burundi;BDI;Africa;561
Burundi;BDI;Africa;562
Burundi;BDI;Africa;563
Burundi;BDI;Africa;564
Burundi;BDI;Africa;565
Burundi;BDI;Africa;566
Burundi;BDI;Africa;567
Cabo Verde;CPV;Africa;568
Cabo Verde;CPV;Africa;569
Cabo Verde;CPV;Africa;570
Cabo Verde;CPV;Africa;571
Cabo Verde;CPV;Africa;572
Cabo Verde;CPV;Africa;573
Cabo Verde;CPV;Africa;574
Cabo Verde;CPV;Africa;575
Cabo Verde;CPV;Africa;576
Cabo Verde;CPV;Africa;577
Cabo Verde;CPV;Africa;578
Cabo Verde;CPV;Africa;579
Cabo Verde;CPV;Africa;580
Cabo Verde;CPV;Africa;581
Cabo Verde;CPV;Africa;582
Cabo Verde;CPV;Africa;583
Cabo Verde;CPV;Africa;584
Cabo Verde;CPV;Africa;585
Cabo Verde;CPV;Africa;586
Cabo Verde;CPV;Africa;587
Cabo Verde;CPV;Africa;588
Cabo Verde;CPV;Africa;589
Cambodia;KHM;Asia;590
Cambodia;KHM;Asia;591
Cambodia;KHM;Asia;592
Cambodia;KHM;Asia;593
Cambodia;KHM;Asia;594
Cambodia;KHM;Asia;595
Cambodia;KHM;Asia;596
Cambodia;KHM;Asia;597
Cambodia;KHM;Asia;598
Cambodia;KHM;Asia;599
Cambodia;KHM;Asia;600
Cambodia;KHM;Asia;601
Cambodia;KHM;Asia;602
Cambodia;KHM;Asia;603
Cambodia;KHM;Asia;604
Cambodia;KHM;Asia;605
Cambodia;KHM;Asia;606
Cambodia;KHM;Asia;607
Cambodia;KHM;Asia;608
Cambodia;KHM;Asia;609
Cambodia;KHM;Asia;610
Cambodia;KHM;Asia;611
Cambodia;KHM;Asia;612
Cambodia;KHM;Asia;613
Cameroon;CMR;Africa;614
Cameroon;CMR;Africa;615
Cameroon;CMR;Africa;616
Cameroon;CMR;Africa;617
Cameroon;CMR;Africa;618
Cameroon;CMR;Africa;619
Cameroon;CMR;Africa;620
Cameroon;CMR;Africa;621
Cameroon;CMR;Africa;622
Cameroon;CMR;Africa;623
Cameroon;CMR;Africa;624
Cameroon;CMR;Africa;625
Cameroon;CMR;Africa;626
Cameroon;CMR;Africa;627
Cameroon;CMR;Africa;628
Cameroon;CMR;Africa;629
Cameroon;CMR;Africa;630
Cameroon;CMR;Africa;631
Cameroon;CMR;Africa;632
Cameroon;CMR;Africa;633
Cameroon;CMR;Africa;634
Cameroon;CMR;Africa;635
Cameroon;CMR;Africa;636
Cameroon;CMR;Africa;637
Cameroon;CMR;Africa;638
Cameroon;CMR;Africa;639
Cameroon;CMR;Africa;640
Cameroon;CMR;Africa;641
Cameroon;CMR;Africa;642
Canada;CAN;North America;643
Canada;CAN;North America;644
Canada;CAN;North America;645
Canada;CAN;North America;646
Canada;CAN;North America;647
Canada;CAN;North America;648
Canada;CAN;North America;649
Canada;CAN;North America;650
Canada;CAN;North America;651
Canada;CAN;North America;652
Canada;CAN;North America;653
Canada;CAN;North America;654
Canada;CAN;North America;655
Canada;CAN;North America;656
Canada;CAN;North America;657
Canada;CAN;North America;658
Canada;CAN;North America;659
Canada;CAN;North America;660
Canada;CAN;North America;661
Canada;CAN;North America;662
Canada;CAN;North America;663
Canada;CAN;North America;664
Canada;CAN;North America;665
Canada;CAN;North America;666
Canada;CAN;North America;667
Canada;CAN;North America;668
Canada;CAN;North America;669
Central African Republic;CAF;Africa;670
Central African Republic;CAF;Africa;671
Central African Republic;CAF;Africa;672
Central African Republic;CAF;Africa;673
Central African Republic;CAF;Africa;674
Central African Republic;CAF;Africa;675
Central African Republic;CAF;Africa;676
Central African Republic;CAF;Africa;677
Central African Republic;CAF;Africa;678
Central African Republic;CAF;Africa;679
Central African Republic;CAF;Africa;680
Central African Republic;CAF;Africa;681
Central African Republic;CAF;Africa;682
Central African Republic;CAF;Africa;683
Chad;TCD;Africa;684
Chad;TCD;Africa;685
Chad;TCD;Africa;686
Chad;TCD;Africa;687
Chad;TCD;Africa;688
Chad;TCD;Africa;689
Chad;TCD;Africa;690
Chad;TCD;Africa;691
Chad;TCD;Africa;692
Chad;TCD;Africa;693
Chad;TCD;Africa;694
Chad;TCD;Africa;695
Chad;TCD;Africa;696
Chad;TCD;Africa;697
Chad;TCD;Africa;698
Chad;TCD;Africa;699
Chad;TCD;Africa;700
Chad;TCD;Africa;701
Chad;TCD;Africa;702
Chad;TCD;Africa;703
Chad;TCD;Africa;704
Chad;TCD;Africa;705
Chad;TCD;Africa;706
Chad;TCD;Africa;707
Chad;TCD;Africa;708
Chile;CHL;South America;709
Chile;CHL;South America;710
Chile;CHL;South America;711
Chile;CHL;South America;712
Chile;CHL;South America;713
Chile;CHL;South America;714
Chile;CHL;South America;715
Chile;CHL;South America;716
Chile;CHL;South America;717
Chile;CHL;South America;718
Chile;CHL;South America;719
Chile;CHL;South America;720
Chile;CHL;South America;721
Chile;CHL;South America;722
Chile;CHL;South America;723
Chile;CHL;South America;724
Chile;CHL;South America;725
Chile;CHL;South America;726
Chile;CHL;South America;727
Chile;CHL;South America;728
Chile;CHL;South America;729
Chile;CHL;South America;730
Chile;CHL;South America;731
Chile;CHL;South America;732
Chile;CHL;South America;733
Chile;CHL;South America;734
Chile;CHL;South America;735
Chile;CHL;South America;736
China;CHN;Asia;737
China;CHN;Asia;738
China;CHN;Asia;739
China;CHN;Asia;740
China;CHN;Asia;741
China;CHN;Asia;742
China;CHN;Asia;743
China;CHN;Asia;744
China;CHN;Asia;745
China;CHN;Asia;746
China;CHN;Asia;747
China;CHN;Asia;748
China;CHN;Asia;749
China;CHN;Asia;750
China;CHN;Asia;751
China;CHN;Asia;752
China;CHN;Asia;753
Colombia;COL;South America;754
Colombia;COL;South America;755
Colombia;COL;South America;756
Colombia;COL;South America;757
Colombia;COL;South America;758
Colombia;COL;South America;759
Colombia;COL;South America;760
Colombia;COL;South America;761
Colombia;COL;South America;762
Colombia;COL;South America;763
Colombia;COL;South America;764
Colombia;COL;South America;765
Colombia;COL;South America;766
Colombia;COL;South America;767
Colombia;COL;South America;768
Colombia;COL;South America;769
Colombia;COL;South America;770
Colombia;COL;South America;771
Colombia;COL;South America;772
Colombia;COL;South America;773
Colombia;COL;South America;774
Colombia;COL;South America;775
Colombia;COL;South America;776
Colombia;COL;South America;777
Colombia;COL;South America;778
Colombia;COL;South America;779
Colombia;COL;South America;780
Colombia;COL;South America;781
Colombia;COL;South America;782
Comoros;COM;Africa;783
Comoros;COM;Africa;784
Comoros;COM;Africa;785
Comoros;COM;Africa;786
Comoros;COM;Africa;787
Comoros;COM;Africa;788
Comoros;COM;Africa;789
Comoros;COM;Africa;790
Congo, Dem. Rep.;COD;Unknown;791
Congo, Dem. Rep.;COD;Unknown;792
Congo, Dem. Rep.;COD;Unknown;793
Congo, Dem. Rep.;COD;Unknown;794
Congo, Dem. Rep.;COD;Unknown;795
Congo, Dem. Rep.;COD;Unknown;796
Congo, Dem. Rep.;COD;Unknown;797
Congo, Dem. Rep.;COD;Unknown;798
Congo, Dem. Rep.;COD;Unknown;799
Congo, Dem. Rep.;COD;Unknown;800
Congo, Rep.;COG;Unknown;801
Congo, Rep.;COG;Unknown;802
Congo, Rep.;COG;Unknown;803
Congo, Rep.;COG;Unknown;804
Congo, Rep.;COG;Unknown;805
Congo, Rep.;COG;Unknown;806
Congo, Rep.;COG;Unknown;807
Congo, Rep.;COG;Unknown;808
Congo, Rep.;COG;Unknown;809
Congo, Rep.;COG;Unknown;810
Congo, Rep.;COG;Unknown;811
Congo, Rep.;COG;Unknown;812
Congo, Rep.;COG;Unknown;813
Congo, Rep.;COG;Unknown;814
Congo, Rep.;COG;Unknown;815
Congo, Rep.;COG;Unknown;816
Congo, Rep.;COG;Unknown;817
Costa Rica;CRI;North America;818
Costa Rica;CRI;North America;819
Costa Rica;CRI;North America;820
Costa Rica;CRI;North America;821
Costa Rica;CRI;North America;822
Costa Rica;CRI;North America;823
Costa Rica;CRI;North America;824
Costa Rica;CRI;North America;825
Costa Rica;CRI;North America;826
Costa Rica;CRI;North America;827
Costa Rica;CRI;North America;828
Costa Rica;CRI;North America;829
Costa Rica;CRI;North America;830
Costa Rica;CRI;North America;831
Costa Rica;CRI;North America;832
Costa Rica;CRI;North America;833
Costa Rica;CRI;North America;834
Costa Rica;CRI;North America;835
Costa Rica;CRI;North America;836
Costa Rica;CRI;North America;837
Costa Rica;CRI;North America;838
Cote d'Ivoire;CIV;Unknown;839
Cote d'Ivoire;CIV;Unknown;840
Cote d'Ivoire;CIV;Unknown;841
Cote d'Ivoire;CIV;Unknown;842
Cote d'Ivoire;CIV;Unknown;843
Cote d'Ivoire;CIV;Unknown;844
Cote d'Ivoire;CIV;Unknown;845
Cote d'Ivoire;CIV;Unknown;846
Cote d'Ivoire;CIV;Unknown;847
Cote d'Ivoire;CIV;Unknown;848
Cote d'Ivoire;CIV;Unknown;849
Cote d'Ivoire;CIV;Unknown;850
Cote d'Ivoire;CIV;Unknown;851
Cote d'Ivoire;CIV;Unknown;852
Cote d'Ivoire;CIV;Unknown;853
Cote d'Ivoire;CIV;Unknown;854
Cote d'Ivoire;CIV;Unknown;855
Cote d'Ivoire;CIV;Unknown;856
Cote d'Ivoire;CIV;Unknown;857
Cote d'Ivoire;CIV;Unknown;858
Cote d'Ivoire;CIV;Unknown;859
Cote d'Ivoire;CIV;Unknown;860
Cote d'Ivoire;CIV;Unknown;861
Cote d'Ivoire;CIV;Unknown;862
Cote d'Ivoire;CIV;Unknown;863
Croatia;HRV;Europe;864
Croatia;HRV;Europe;865
Croatia;HRV;Europe;866
Croatia;HRV;Europe;867
Croatia;HRV;Europe;868
Croatia;HRV;Europe;869
Croatia;HRV;Europe;870
Croatia;HRV;Europe;871
Croatia;HRV;Europe;872
Croatia;HRV;Europe;873
Croatia;HRV;Europe;874
Croatia;HRV;Europe;875
Croatia;HRV;Europe;876
Croatia;HRV;Europe;877
Croatia;HRV;Europe;878
Croatia;HRV;Europe;879
Croatia;HRV;Europe;880
Croatia;HRV;Europe;881
Croatia;HRV;Europe;882
Croatia;HRV;Europe;883
Croatia;HRV;Europe;884
Croatia;HRV;Europe;885
Croatia;HRV;Europe;886
Croatia;HRV;Europe;887
Croatia;HRV;Europe;888
Cyprus;CYP;Asia;889
Cyprus;CYP;Asia;890
Cyprus;CYP;Asia;891
Cyprus;CYP;Asia;892
Cyprus;CYP;Asia;893
Cyprus;CYP;Asia;894
Cyprus;CYP;Asia;895
Cyprus;CYP;Asia;896
Cyprus;CYP;Asia;897
Cyprus;CYP;Asia;898
Cyprus;CYP;Asia;899
Cyprus;CYP;Asia;900
Cyprus;CYP;Asia;901
Cyprus;CYP;Asia;902
Cyprus;CYP;Asia;903
Cyprus;CYP;Asia;904
Cyprus;CYP;Asia;905
Cyprus;CYP;Asia;906
Cyprus;CYP;Asia;907
Cyprus;CYP;Asia;908
Cyprus;CYP;Asia;909
Cyprus;CYP;Asia;910
Czechia;CZE;Europe;911
Czechia;CZE;Europe;912
Czechia;CZE;Europe;913
Czechia;CZE;Europe;914
Czechia;CZE;Europe;915
Czechia;CZE;Europe;916
Czechia;CZE;Europe;917
Czechia;CZE;Europe;918
Czechia;CZE;Europe;919
Czechia;CZE;Europe;920
Czechia;CZE;Europe;921
Czechia;CZE;Europe;922
Czechia;CZE;Europe;923
Czechia;CZE;Europe;924
Czechia;CZE;Europe;925
Czechia;CZE;Europe;926
Czechia;CZE;Europe;927
Czechia;CZE;Europe;928
Czechia;CZE;Europe;929
Czechia;CZE;Europe;930
Czechia;CZE;Europe;931
Czechia;CZE;Europe;932
Czechia;CZE;Europe;933
Czechia;CZE;Europe;934
Czechia;CZE;Europe;935
Czechia;CZE;Europe;936
Czechia;CZE;Europe;937
Czechia;CZE;Europe;938
Czechia;CZE;Europe;939
Denmark;DNK;Europe;940
Denmark;DNK;Europe;941
Denmark;DNK;Europe;942
Denmark;DNK;Europe;943
Denmark;DNK;Europe;944
Denmark;DNK;Europe;945
Denmark;DNK;Europe;946
Denmark;DNK;Europe;947
Denmark;DNK;Europe;948
Denmark;DNK;Europe;949
Denmark;DNK;Europe;950
Denmark;DNK;Europe;951
Denmark;DNK;Europe;952
Denmark;DNK;Europe;953
Denmark;DNK;Europe;954
Denmark;DNK;Europe;955
Denmark;DNK;Europe;956
Denmark;DNK;Europe;957
Denmark;DNK;Europe;958
Denmark;DNK;Europe;959
Denmark;DNK;Europe;960
Denmark;DNK;Europe;961
Denmark;DNK;Europe;962
Denmark;DNK;Europe;963
Denmark;DNK;Europe;964
Denmark;DNK;Europe;965
Denmark;DNK;Europe;966
Denmark;DNK;Europe;967
Denmark;DNK;Europe;968
Dominican Republic;DOM;North America;969
Dominican Republic;DOM;North America;970
Dominican Republic;DOM;North America;971
Dominican Republic;DOM;North America;972
Dominican Republic;DOM;North America;973
Dominican Republic;DOM;North America;974
Dominican Republic;DOM;North America;975
Dominican Republic;DOM;North America;976
Dominican Republic;DOM;North America;977
Dominican Republic;DOM;North America;978
Dominican Republic;DOM;North America;979
Dominican Republic;DOM;North America;980
Dominican Republic;DOM;North America;981
Dominican Republic;DOM;North America;982
Dominican Republic;DOM;North America;983
Dominican Republic;DOM;North America;984
Dominican Republic;DOM;North America;985
Dominican Republic;DOM;North America;986
Dominican Republic;DOM;North America;987
Dominican Republic;DOM;North America;988
Dominican Republic;DOM;North America;989
Dominican Republic;DOM;North America;990
Dominican Republic;DOM;North America;991
Dominican Republic;DOM;North America;992
Dominican Republic;DOM;North America;993
Dominican Republic;DOM;North America;994
Dominican Republic;DOM;North America;995
Dominican Republic;DOM;North America;996
Dominican Republic;DOM;North America;997
Dominican Republic;DOM;North America;998
Ecuador;ECU;South America;999
Ecuador;ECU;South America;1000
Ecuador;ECU;South America;1001
Ecuador;ECU;South America;1002
Ecuador;ECU;South America;1003
Ecuador;ECU;South America;1004
Ecuador;ECU;South America;1005
Ecuador;ECU;South America;1006
Ecuador;ECU;South America;1007
Ecuador;ECU;South America;1008
Ecuador;ECU;South America;1009
Ecuador;ECU;South America;1010
Ecuador;ECU;South America;1011
Ecuador;ECU;South America;1012
Ecuador;ECU;South America;1013
Ecuador;ECU;South America;1014
Ecuador;ECU;South America;1015
Ecuador;ECU;South America;1016
Ecuador;ECU;South America;1017
Ecuador;ECU;South America;1018
Ecuador;ECU;South America;1019
Ecuador;ECU;South America;1020
Ecuador;ECU;South America;1021
Ecuador;ECU;South America;1022
Ecuador;ECU;South America;1023
Ecuador;ECU;South America;1024
Ecuador;ECU;South America;1025
Egypt, Arab Rep.;EGY;Unknown;1026
Egypt, Arab Rep.;EGY;Unknown;1027
Egypt, Arab Rep.;EGY;Unknown;1028
Egypt, Arab Rep.;EGY;Unknown;1029
Egypt, Arab Rep.;EGY;Unknown;1030
Egypt, Arab Rep.;EGY;Unknown;1031
Egypt, Arab Rep.;EGY;Unknown;1032
Egypt, Arab Rep.;EGY;Unknown;1033
Egypt, Arab Rep.;EGY;Unknown;1034
Egypt, Arab Rep.;EGY;Unknown;1035
Egypt, Arab Rep.;EGY;Unknown;1036
Egypt, Arab Rep.;EGY;Unknown;1037
Egypt, Arab Rep.;EGY;Unknown;1038
Egypt, Arab Rep.;EGY;Unknown;1039
Egypt, Arab Rep.;EGY;Unknown;1040
Egypt, Arab Rep.;EGY;Unknown;1041
Egypt, Arab Rep.;EGY;Unknown;1042
Egypt, Arab Rep.;EGY;Unknown;1043
Egypt, Arab Rep.;EGY;Unknown;1044
Egypt, Arab Rep.;EGY;Unknown;1045
Egypt, Arab Rep.;EGY;Unknown;1046
Egypt, Arab Rep.;EGY;Unknown;1047
Egypt, Arab Rep.;EGY;Unknown;1048
Egypt, Arab Rep.;EGY;Unknown;1049
Egypt, Arab Rep.;EGY;Unknown;1050
Egypt, Arab Rep.;EGY;Unknown;1051
Egypt, Arab Rep.;EGY;Unknown;1052
El Salvador;SLV;North America;1053
El Salvador;SLV;North America;1054
El Salvador;SLV;North America;1055
El Salvador;SLV;North America;1056
El Salvador;SLV;North America;1057
El Salvador;SLV;North America;1058
El Salvador;SLV;North America;1059
El Salvador;SLV;North America;1060
El Salvador;SLV;North America;1061
El Salvador;SLV;North America;1062
El Salvador;SLV;North America;1063
El Salvador;SLV;North America;1064
El Salvador;SLV;North America;1065
El Salvador;SLV;North America;1066
El Salvador;SLV;North America;1067
El Salvador;SLV;North America;1068
El Salvador;SLV;North America;1069
El Salvador;SLV;North America;1070
El Salvador;SLV;North America;1071
El Salvador;SLV;North America;1072
El Salvador;SLV;North America;1073
El Salvador;SLV;North America;1074
El Salvador;SLV;North America;1075
El Salvador;SLV;North America;1076
El Salvador;SLV;North America;1077
El Salvador;SLV;North America;1078
El Salvador;SLV;North America;1079
El Salvador;SLV;North America;1080
El Salvador;SLV;North America;1081
Equatorial Guinea;GNQ;Africa;1082
Equatorial Guinea;GNQ;Africa;1083
Equatorial Guinea;GNQ;Africa;1084
Equatorial Guinea;GNQ;Africa;1085
Equatorial Guinea;GNQ;Africa;1086
Equatorial Guinea;GNQ;Africa;1087
Equatorial Guinea;GNQ;Africa;1088
Equatorial Guinea;GNQ;Africa;1089
Equatorial Guinea;GNQ;Africa;1090
Equatorial Guinea;GNQ;Africa;1091
Equatorial Guinea;GNQ;Africa;1092
Estonia;EST;Europe;1093
Estonia;EST;Europe;1094
Estonia;EST;Europe;1095
Estonia;EST;Europe;1096
Estonia;EST;Europe;1097
Estonia;EST;Europe;1098
Estonia;EST;Europe;1099
Estonia;EST;Europe;1100
Estonia;EST;Europe;1101
Estonia;EST;Europe;1102
Estonia;EST;Europe;1103
Estonia;EST;Europe;1104
Estonia;EST;Europe;1105
Estonia;EST;Europe;1106
Estonia;EST;Europe;1107
Estonia;EST;Europe;1108
Estonia;EST;Europe;1109
Estonia;EST;Europe;1110
Estonia;EST;Europe;1111
Estonia;EST;Europe;1112
Estonia;EST;Europe;1113
Estonia;EST;Europe;1114
Estonia;EST;Europe;1115
Estonia;EST;Europe;1116
Estonia;EST;Europe;1117
Estonia;EST;Europe;1118
Estonia;EST;Europe;1119
Estonia;EST;Europe;1120
Estonia;EST;Europe;1121
Eswatini;SWZ;Africa;1122
Eswatini;SWZ;Africa;1123
Eswatini;SWZ;Africa;1124
Eswatini;SWZ;Africa;1125
Eswatini;SWZ;Africa;1126
Eswatini;SWZ;Africa;1127
Eswatini;SWZ;Africa;1128
Eswatini;SWZ;Africa;1129
Eswatini;SWZ;Africa;1130
Eswatini;SWZ;Africa;1131
Eswatini;SWZ;Africa;1132
Eswatini;SWZ;Africa;1133
Eswatini;SWZ;Africa;1134
Eswatini;SWZ;Africa;1135
Eswatini;SWZ;Africa;1136
Eswatini;SWZ;Africa;1137
Eswatini;SWZ;Africa;1138
Eswatini;SWZ;Africa;1139
Eswatini;SWZ;Africa;1140
Ethiopia;ETH;Africa;1141
Ethiopia;ETH;Africa;1142
Ethiopia;ETH;Africa;1143
Ethiopia;ETH;Africa;1144
Ethiopia;ETH;Africa;1145
Ethiopia;ETH;Africa;1146
Ethiopia;ETH;Africa;1147
Fiji;FJI;Oceania;1148
Fiji;FJI;Oceania;1149
Fiji;FJI;Oceania;1150
Fiji;FJI;Oceania;1151
Fiji;FJI;Oceania;1152
Fiji;FJI;Oceania;1153
Fiji;FJI;Oceania;1154
Fiji;FJI;Oceania;1155
Fiji;FJI;Oceania;1156
Fiji;FJI;Oceania;1157
Fiji;FJI;Oceania;1158
Fiji;FJI;Oceania;1159
Fiji;FJI;Oceania;1160
Fiji;FJI;Oceania;1161
Fiji;FJI;Oceania;1162
Fiji;FJI;Oceania;1163
Fiji;FJI;Oceania;1164
Fiji;FJI;Oceania;1165
Fiji;FJI;Oceania;1166
Fiji;FJI;Oceania;1167
Fiji;FJI;Oceania;1168
Fiji;FJI;Oceania;1169
Fiji;FJI;Oceania;1170
Fiji;FJI;Oceania;1171
Fiji;FJI;Oceania;1172
Finland;FIN;Europe;1173
Finland;FIN;Europe;1174
Finland;FIN;Europe;1175
Finland;FIN;Europe;1176
Finland;FIN;Europe;1177
Finland;FIN;Europe;1178
Finland;FIN;Europe;1179
Finland;FIN;Europe;1180
Finland;FIN;Europe;1181
Finland;FIN;Europe;1182
Finland;FIN;Europe;1183
Finland;FIN;Europe;1184
Finland;FIN;Europe;1185
Finland;FIN;Europe;1186
Finland;FIN;Europe;1187
Finland;FIN;Europe;1188
Finland;FIN;Europe;1189
Finland;FIN;Europe;1190
Finland;FIN;Europe;1191
Finland;FIN;Europe;1192
Finland;FIN;Europe;1193
Finland;FIN;Europe;1194
Finland;FIN;Europe;1195
Finland;FIN;Europe;1196
Finland;FIN;Europe;1197
Finland;FIN;Europe;1198
Finland;FIN;Europe;1199
Finland;FIN;Europe;1200
Finland;FIN;Europe;1201
Finland;FIN;Europe;1202
Finland;FIN;Europe;1203
France;FRA;Europe;1204
France;FRA;Europe;1205
France;FRA;Europe;1206
France;FRA;Europe;1207
France;FRA;Europe;1208
France;FRA;Europe;1209
France;FRA;Europe;1210
France;FRA;Europe;1211
France;FRA;Europe;1212
France;FRA;Europe;1213
France;FRA;Europe;1214
France;FRA;Europe;1215
France;FRA;Europe;1216
France;FRA;Europe;1217
France;FRA;Europe;1218
France;FRA;Europe;1219
France;FRA;Europe;1220
France;FRA;Europe;1221
France;FRA;Europe;1222
France;FRA;Europe;1223
France;FRA;Europe;1224
France;FRA;Europe;1225
France;FRA;Europe;1226
France;FRA;Europe;1227
France;FRA;Europe;1228
France;FRA;Europe;1229
France;FRA;Europe;1230
France;FRA;Europe;1231
France;FRA;Europe;1232
France;FRA;Europe;1233
France;FRA;Europe;1234
Gabon;GAB;Africa;1235
Gabon;GAB;Africa;1236
Gabon;GAB;Africa;1237
Gabon;GAB;Africa;1238
Gabon;GAB;Africa;1239
Gabon;GAB;Africa;1240
Gambia, The;GMB;Unknown;1241
Gambia, The;GMB;Unknown;1242
Gambia, The;GMB;Unknown;1243
Gambia, The;GMB;Unknown;1244
Gambia, The;GMB;Unknown;1245
Gambia, The;GMB;Unknown;1246
Gambia, The;GMB;Unknown;1247
Gambia, The;GMB;Unknown;1248
Gambia, The;GMB;Unknown;1249
Gambia, The;GMB;Unknown;1250
Gambia, The;GMB;Unknown;1251
Gambia, The;GMB;Unknown;1252
Gambia, The;GMB;Unknown;1253
Gambia, The;GMB;Unknown;1254
Gambia, The;GMB;Unknown;1255
Gambia, The;GMB;Unknown;1256
Gambia, The;GMB;Unknown;1257
Gambia, The;GMB;Unknown;1258
Gambia, The;GMB;Unknown;1259
Gambia, The;GMB;Unknown;1260
Gambia, The;GMB;Unknown;1261
Gambia, The;GMB;Unknown;1262
Gambia, The;GMB;Unknown;1263
Gambia, The;GMB;Unknown;1264
Gambia, The;GMB;Unknown;1265
Gambia, The;GMB;Unknown;1266
Gambia, The;GMB;Unknown;1267
Gambia, The;GMB;Unknown;1268
Gambia, The;GMB;Unknown;1269
Gambia, The;GMB;Unknown;1270
Georgia;GEO;Asia;1271
Georgia;GEO;Asia;1272
Georgia;GEO;Asia;1273
Georgia;GEO;Asia;1274
Georgia;GEO;Asia;1275
Georgia;GEO;Asia;1276
Georgia;GEO;Asia;1277
Georgia;GEO;Asia;1278
Georgia;GEO;Asia;1279
Georgia;GEO;Asia;1280
Georgia;GEO;Asia;1281
Georgia;GEO;Asia;1282
Georgia;GEO;Asia;1283
Georgia;GEO;Asia;1284
Georgia;GEO;Asia;1285
Georgia;GEO;Asia;1286
Georgia;GEO;Asia;1287
Georgia;GEO;Asia;1288
Georgia;GEO;Asia;1289
Georgia;GEO;Asia;1290
Georgia;GEO;Asia;1291
Georgia;GEO;Asia;1292
Germany;DEU;Europe;1293
Germany;DEU;Europe;1294
Germany;DEU;Europe;1295
Germany;DEU;Europe;1296
Germany;DEU;Europe;1297
Germany;DEU;Europe;1298
Germany;DEU;Europe;1299
Germany;DEU;Europe;1300
Germany;DEU;Europe;1301
Germany;DEU;Europe;1302
Germany;DEU;Europe;1303
Germany;DEU;Europe;1304
Germany;DEU;Europe;1305
Germany;DEU;Europe;1306
Germany;DEU;Europe;1307
Germany;DEU;Europe;1308
Germany;DEU;Europe;1309
Germany;DEU;Europe;1310
Germany;DEU;Europe;1311
Germany;DEU;Europe;1312
Germany;DEU;Europe;1313
Germany;DEU;Europe;1314
Germany;DEU;Europe;1315
Germany;DEU;Europe;1316
Germany;DEU;Europe;1317
Germany;DEU;Europe;1318
Germany;DEU;Europe;1319
Germany;DEU;Europe;1320
Germany;DEU;Europe;1321
Germany;DEU;Europe;1322
Germany;DEU;Europe;1323
Ghana;GHA;Africa;1324
Ghana;GHA;Africa;1325
Ghana;GHA;Africa;1326
Ghana;GHA;Africa;1327
Ghana;GHA;Africa;1328
Ghana;GHA;Africa;1329
Ghana;GHA;Africa;1330
Ghana;GHA;Africa;1331
Ghana;GHA;Africa;1332
Ghana;GHA;Africa;1333
Ghana;GHA;Africa;1334
Ghana;GHA;Africa;1335
Ghana;GHA;Africa;1336
Ghana;GHA;Africa;1337
Ghana;GHA;Africa;1338
Ghana;GHA;Africa;1339
Ghana;GHA;Africa;1340
Ghana;GHA;Africa;1341
Ghana;GHA;Africa;1342
Ghana;GHA;Africa;1343
Ghana;GHA;Africa;1344
Ghana;GHA;Africa;1345
Ghana;GHA;Africa;1346
Ghana;GHA;Africa;1347
Ghana;GHA;Africa;1348
Ghana;GHA;Africa;1349
Ghana;GHA;Africa;1350
Greece;GRC;Europe;1351
Greece;GRC;Europe;1352
Greece;GRC;Europe;1353
Greece;GRC;Europe;1354
Greece;GRC;Europe;1355
Greece;GRC;Europe;1356
Greece;GRC;Europe;1357
Greece;GRC;Europe;1358
Greece;GRC;Europe;1359
Greece;GRC;Europe;1360
Greece;GRC;Europe;1361
Greece;GRC;Europe;1362
Greece;GRC;Europe;1363
Greece;GRC;Europe;1364
Greece;GRC;Europe;1365
Greece;GRC;Europe;1366
Greece;GRC;Europe;1367
Greece;GRC;Europe;1368
Greece;GRC;Europe;1369
Greece;GRC;Europe;1370
Greece;GRC;Europe;1371
Greece;GRC;Europe;1372
Greece;GRC;Europe;1373
Greece;GRC;Europe;1374
Greece;GRC;Europe;1375
Greece;GRC;Europe;1376
Greece;GRC;Europe;1377
Greece;GRC;Europe;1378
Greece;GRC;Europe;1379
Guatemala;GTM;North America;1380
Guatemala;GTM;North America;1381
Guatemala;GTM;North America;1382
Guatemala;GTM;North America;1383
Guatemala;GTM;North America;1384
Guatemala;GTM;North America;1385
Guatemala;GTM;North America;1386
Guatemala;GTM;North America;1387
Guatemala;GTM;North America;1388
Guatemala;GTM;North America;1389
Guatemala;GTM;North America;1390
Guatemala;GTM;North America;1391
Guatemala;GTM;North America;1392
Guatemala;GTM;North America;1393
Guatemala;GTM;North America;1394
Guatemala;GTM;North America;1395
Guatemala;GTM;North America;1396
Guatemala;GTM;North America;1397
Guatemala;GTM;North America;1398
Guatemala;GTM;North America;1399
Guatemala;GTM;North America;1400
Guatemala;GTM;North America;1401
Guatemala;GTM;North America;1402
Guatemala;GTM;North America;1403
Guatemala;GTM;North America;1404
Guatemala;GTM;North America;1405
Guinea;GIN;Africa;1406
Guinea;GIN;Africa;1407
Guinea;GIN;Africa;1408
Guinea;GIN;Africa;1409
Guinea;GIN;Africa;1410
Guinea;GIN;Africa;1411
Guinea;GIN;Africa;1412
Guinea;GIN;Africa;1413
Guinea;GIN;Africa;1414
Guinea;GIN;Africa;1415
Guinea;GIN;Africa;1416
Guinea;GIN;Africa;1417
Guinea;GIN;Africa;1418
Guinea;GIN;Africa;1419
Guinea;GIN;Africa;1420
Guinea;GIN;Africa;1421
Guinea;GIN;Africa;1422
Guinea-Bissau;GNB;Africa;1423
Guinea-Bissau;GNB;Africa;1424
Guinea-Bissau;GNB;Africa;1425
Guinea-Bissau;GNB;Africa;1426
Guyana;GUY;South America;1427
Guyana;GUY;South America;1428
Guyana;GUY;South America;1429
Guyana;GUY;South America;1430
Guyana;GUY;South America;1431
Guyana;GUY;South America;1432
Guyana;GUY;South America;1433
Guyana;GUY;South America;1434
Guyana;GUY;South America;1435
Haiti;HTI;North America;1436
Haiti;HTI;North America;1437
Haiti;HTI;North America;1438
Haiti;HTI;North America;1439
Honduras;HND;North America;1440
Honduras;HND;North America;1441
Honduras;HND;North America;1442
Honduras;HND;North America;1443
Honduras;HND;North America;1444
Honduras;HND;North America;1445
Honduras;HND;North America;1446
Honduras;HND;North America;1447
Honduras;HND;North America;1448
Honduras;HND;North America;1449
Honduras;HND;North America;1450
Honduras;HND;North America;1451
Honduras;HND;North America;1452
Honduras;HND;North America;1453
Honduras;HND;North America;1454
Honduras;HND;North America;1455
Honduras;HND;North America;1456
Honduras;HND;North America;1457
Honduras;HND;North America;1458
Honduras;HND;North America;1459
Honduras;HND;North America;1460
Honduras;HND;North America;1461
Honduras;HND;North America;1462
Honduras;HND;North America;1463
Honduras;HND;North America;1464
Honduras;HND;North America;1465
Honduras;HND;North America;1466
Honduras;HND;North America;1467
Honduras;HND;North America;1468
Hungary;HUN;Europe;1469
Hungary;HUN;Europe;1470
Hungary;HUN;Europe;1471
Hungary;HUN;Europe;1472
Hungary;HUN;Europe;1473
Hungary;HUN;Europe;1474
Hungary;HUN;Europe;1475
Hungary;HUN;Europe;1476
Hungary;HUN;Europe;1477
Hungary;HUN;Europe;1478
Hungary;HUN;Europe;1479
Hungary;HUN;Europe;1480
Hungary;HUN;Europe;1481
Hungary;HUN;Europe;1482
Hungary;HUN;Europe;1483
Hungary;HUN;Europe;1484
Hungary;HUN;Europe;1485
Hungary;HUN;Europe;1486
Hungary;HUN;Europe;1487
Hungary;HUN;Europe;1488
Hungary;HUN;Europe;1489
Hungary;HUN;Europe;1490
Hungary;HUN;Europe;1491
Hungary;HUN;Europe;1492
Hungary;HUN;Europe;1493
Hungary;HUN;Europe;1494
Hungary;HUN;Europe;1495
Hungary;HUN;Europe;1496
Hungary;HUN;Europe;1497
Hungary;HUN;Europe;1498
Hungary;HUN;Europe;1499
Iceland;ISL;Europe;1500
Iceland;ISL;Europe;1501
Iceland;ISL;Europe;1502
Iceland;ISL;Europe;1503
Iceland;ISL;Europe;1504
Iceland;ISL;Europe;1505
Iceland;ISL;Europe;1506
Iceland;ISL;Europe;1507
Iceland;ISL;Europe;1508
Iceland;ISL;Europe;1509
Iceland;ISL;Europe;1510
Iceland;ISL;Europe;1511
Iceland;ISL;Europe;1512
Iceland;ISL;Europe;1513
Iceland;ISL;Europe;1514
Iceland;ISL;Europe;1515
Iceland;ISL;Europe;1516
Iceland;ISL;Europe;1517
Iceland;ISL;Europe;1518
Iceland;ISL;Europe;1519
Iceland;ISL;Europe;1520
Iceland;ISL;Europe;1521
Iceland;ISL;Europe;1522
Iceland;ISL;Europe;1523
Iceland;ISL;Europe;1524
Iceland;ISL;Europe;1525
Iceland;ISL;Europe;1526
Iceland;ISL;Europe;1527
Iceland;ISL;Europe;1528
Iceland;ISL;Europe;1529
Iceland;ISL;Europe;1530
India;IND;Asia;1531
India;IND;Asia;1532
India;IND;Asia;1533
India;IND;Asia;1534
India;IND;Asia;1535
India;IND;Asia;1536
India;IND;Asia;1537
India;IND;Asia;1538
India;IND;Asia;1539
India;IND;Asia;1540
India;IND;Asia;1541
India;IND;Asia;1542
India;IND;Asia;1543
India;IND;Asia;1544
India;IND;Asia;1545
India;IND;Asia;1546
India;IND;Asia;1547
India;IND;Asia;1548
India;IND;Asia;1549
India;IND;Asia;1550
India;IND;Asia;1551
India;IND;Asia;1552
India;IND;Asia;1553
India;IND;Asia;1554
India;IND;Asia;1555
India;IND;Asia;1556
Indonesia;IDN;Asia;1557
Indonesia;IDN;Asia;1558
Indonesia;IDN;Asia;1559
Indonesia;IDN;Asia;1560
Indonesia;IDN;Asia;1561
Indonesia;IDN;Asia;1562
Indonesia;IDN;Asia;1563
Indonesia;IDN;Asia;1564
Indonesia;IDN;Asia;1565
Indonesia;IDN;Asia;1566
Indonesia;IDN;Asia;1567
Indonesia;IDN;Asia;1568
Indonesia;IDN;Asia;1569
Indonesia;IDN;Asia;1570
Indonesia;IDN;Asia;1571
Indonesia;IDN;Asia;1572
Indonesia;IDN;Asia;1573
Indonesia;IDN;Asia;1574
Indonesia;IDN;Asia;1575
Indonesia;IDN;Asia;1576
Indonesia;IDN;Asia;1577
Indonesia;IDN;Asia;1578
Indonesia;IDN;Asia;1579
Indonesia;IDN;Asia;1580
Indonesia;IDN;Asia;1581
Indonesia;IDN;Asia;1582
Indonesia;IDN;Asia;1583
Indonesia;IDN;Asia;1584
Indonesia;IDN;Asia;1585
Indonesia;IDN;Asia;1586
Indonesia;IDN;Asia;1587
Iran, Islamic Rep.;IRN;Unknown;1588
Iran, Islamic Rep.;IRN;Unknown;1589
Iran, Islamic Rep.;IRN;Unknown;1590
Iran, Islamic Rep.;IRN;Unknown;1591
Iran, Islamic Rep.;IRN;Unknown;1592
Iran, Islamic Rep.;IRN;Unknown;1593
Iran, Islamic Rep.;IRN;Unknown;1594
Iran, Islamic Rep.;IRN;Unknown;1595
Iran, Islamic Rep.;IRN;Unknown;1596
Iran, Islamic Rep.;IRN;Unknown;1597
Iran, Islamic Rep.;IRN;Unknown;1598
Iran, Islamic Rep.;IRN;Unknown;1599
Iran, Islamic Rep.;IRN;Unknown;1600
Iran, Islamic Rep.;IRN;Unknown;1601
Iran, Islamic Rep.;IRN;Unknown;1602
Iran, Islamic Rep.;IRN;Unknown;1603
Iran, Islamic Rep.;IRN;Unknown;1604
Iran, Islamic Rep.;IRN;Unknown;1605
Iran, Islamic Rep.;IRN;Unknown;1606
Iran, Islamic Rep.;IRN;Unknown;1607
Iraq;IRQ;Asia;1608
Iraq;IRQ;Asia;1609
Iraq;IRQ;Asia;1610
Iraq;IRQ;Asia;1611
Ireland;IRL;Europe;1612
Ireland;IRL;Europe;1613
Ireland;IRL;Europe;1614
Ireland;IRL;Europe;1615
Ireland;IRL;Europe;1616
Ireland;IRL;Europe;1617
Ireland;IRL;Europe;1618
Ireland;IRL;Europe;1619
Ireland;IRL;Europe;1620
Ireland;IRL;Europe;1621
Ireland;IRL;Europe;1622
Ireland;IRL;Europe;1623
Ireland;IRL;Europe;1624
Ireland;IRL;Europe;1625
Ireland;IRL;Europe;1626
Ireland;IRL;Europe;1627
Ireland;IRL;Europe;1628
Ireland;IRL;Europe;1629
Ireland;IRL;Europe;1630
Ireland;IRL;Europe;1631
Ireland;IRL;Europe;1632
Ireland;IRL;Europe;1633
Ireland;IRL;Europe;1634
Ireland;IRL;Europe;1635
Ireland;IRL;Europe;1636
Ireland;IRL;Europe;1637
Ireland;IRL;Europe;1638
Ireland;IRL;Europe;1639
Ireland;IRL;Europe;1640
Ireland;IRL;Europe;1641
Ireland;IRL;Europe;1642
Israel;ISR;Asia;1643
Israel;ISR;Asia;1644
Israel;ISR;Asia;1645
Israel;ISR;Asia;1646
Israel;ISR;Asia;1647
Israel;ISR;Asia;1648
Israel;ISR;Asia;1649
Israel;ISR;Asia;1650
Israel;ISR;Asia;1651
Israel;ISR;Asia;1652
Israel;ISR;Asia;1653
Israel;ISR;Asia;1654
Israel;ISR;Asia;1655
Israel;ISR;Asia;1656
Israel;ISR;Asia;1657
Israel;ISR;Asia;1658
Israel;ISR;Asia;1659
Israel;ISR;Asia;1660
Israel;ISR;Asia;1661
Israel;ISR;Asia;1662
Israel;ISR;Asia;1663
Israel;ISR;Asia;1664
Israel;ISR;Asia;1665
Israel;ISR;Asia;1666
Israel;ISR;Asia;1667
Israel;ISR;Asia;1668
Israel;ISR;Asia;1669
Israel;ISR;Asia;1670
Israel;ISR;Asia;1671
Italy;ITA;Europe;1672
Italy;ITA;Europe;1673
Italy;ITA;Europe;1674
Italy;ITA;Europe;1675
Italy;ITA;Europe;1676
Italy;ITA;Europe;1677
Italy;ITA;Europe;1678
Italy;ITA;Europe;1679
Italy;ITA;Europe;1680
Italy;ITA;Europe;1681
Italy;ITA;Europe;1682
Italy;ITA;Europe;1683
Italy;ITA;Europe;1684
Italy;ITA;Europe;1685
Italy;ITA;Europe;1686
Italy;ITA;Europe;1687
Italy;ITA;Europe;1688
Italy;ITA;Europe;1689
Italy;ITA;Europe;1690
Italy;ITA;Europe;1691
Italy;ITA;Europe;1692
Italy;ITA;Europe;1693
Italy;ITA;Europe;1694
Italy;ITA;Europe;1695
Italy;ITA;Europe;1696
Italy;ITA;Europe;1697
Italy;ITA;Europe;1698
Italy;ITA;Europe;1699
Italy;ITA;Europe;1700
Italy;ITA;Europe;1701
Italy;ITA;Europe;1702
Jamaica;JAM;North America;1703
Jamaica;JAM;North America;1704
Jamaica;JAM;North America;1705
Jamaica;JAM;North America;1706
Jamaica;JAM;North America;1707
Jamaica;JAM;North America;1708
Jamaica;JAM;North America;1709
Jamaica;JAM;North America;1710
Jamaica;JAM;North America;1711
Jamaica;JAM;North America;1712
Jamaica;JAM;North America;1713
Jamaica;JAM;North America;1714
Jamaica;JAM;North America;1715
Jamaica;JAM;North America;1716
Jamaica;JAM;North America;1717
Jamaica;JAM;North America;1718
Jamaica;JAM;North America;1719
Jamaica;JAM;North America;1720
Jamaica;JAM;North America;1721
Jamaica;JAM;North America;1722
Jamaica;JAM;North America;1723
Jamaica;JAM;North America;1724
Japan;JPN;Asia;1725
Japan;JPN;Asia;1726
Japan;JPN;Asia;1727
Japan;JPN;Asia;1728
Japan;JPN;Asia;1729
Japan;JPN;Asia;1730
Japan;JPN;Asia;1731
Japan;JPN;Asia;1732
Japan;JPN;Asia;1733
Japan;JPN;Asia;1734
Japan;JPN;Asia;1735
Japan;JPN;Asia;1736
Japan;JPN;Asia;1737
Japan;JPN;Asia;1738
Japan;JPN;Asia;1739
Japan;JPN;Asia;1740
Japan;JPN;Asia;1741
Japan;JPN;Asia;1742
Jordan;JOR;Asia;1743
Jordan;JOR;Asia;1744
Jordan;JOR;Asia;1745
Jordan;JOR;Asia;1746
Jordan;JOR;Asia;1747
Jordan;JOR;Asia;1748
Jordan;JOR;Asia;1749
Jordan;JOR;Asia;1750
Jordan;JOR;Asia;1751
Jordan;JOR;Asia;1752
Jordan;JOR;Asia;1753
Jordan;JOR;Asia;1754
Jordan;JOR;Asia;1755
Jordan;JOR;Asia;1756
Jordan;JOR;Asia;1757
Jordan;JOR;Asia;1758
Jordan;JOR;Asia;1759
Jordan;JOR;Asia;1760
Jordan;JOR;Asia;1761
Jordan;JOR;Asia;1762
Jordan;JOR;Asia;1763
Jordan;JOR;Asia;1764
Jordan;JOR;Asia;1765
Jordan;JOR;Asia;1766
Jordan;JOR;Asia;1767
Jordan;JOR;Asia;1768
Jordan;JOR;Asia;1769
Kazakhstan;KAZ;Asia;1770
Kazakhstan;KAZ;Asia;1771
Kazakhstan;KAZ;Asia;1772
Kazakhstan;KAZ;Asia;1773
Kazakhstan;KAZ;Asia;1774
Kazakhstan;KAZ;Asia;1775
Kazakhstan;KAZ;Asia;1776
Kazakhstan;KAZ;Asia;1777
Kazakhstan;KAZ;Asia;1778
Kazakhstan;KAZ;Asia;1779
Kazakhstan;KAZ;Asia;1780
Kazakhstan;KAZ;Asia;1781
Kazakhstan;KAZ;Asia;1782
Kazakhstan;KAZ;Asia;1783
Kazakhstan;KAZ;Asia;1784
Kazakhstan;KAZ;Asia;1785
Kazakhstan;KAZ;Asia;1786
Kazakhstan;KAZ;Asia;1787
Kazakhstan;KAZ;Asia;1788
Kazakhstan;KAZ;Asia;1789
Kazakhstan;KAZ;Asia;1790
Kazakhstan;KAZ;Asia;1791
Kazakhstan;KAZ;Asia;1792
Kazakhstan;KAZ;Asia;1793
Kazakhstan;KAZ;Asia;1794
Kazakhstan;KAZ;Asia;1795
Kazakhstan;KAZ;Asia;1796
Kenya;KEN;Africa;1797
Kenya;KEN;Africa;1798
Kenya;KEN;Africa;1799
Kenya;KEN;Africa;1800
Kenya;KEN;Africa;1801
Kenya;KEN;Africa;1802
Kenya;KEN;Africa;1803
Kenya;KEN;Africa;1804
Kenya;KEN;Africa;1805
Kenya;KEN;Africa;1806
Kenya;KEN;Africa;1807
Kenya;KEN;Africa;1808
Kenya;KEN;Africa;1809
Kenya;KEN;Africa;1810
Kenya;KEN;Africa;1811
Kenya;KEN;Africa;1812
Kenya;KEN;Africa;1813
Kenya;KEN;Africa;1814
Kenya;KEN;Africa;1815
Kenya;KEN;Africa;1816
Korea, Rep.;KOR;Unknown;1817
Korea, Rep.;KOR;Unknown;1818
Korea, Rep.;KOR;Unknown;1819
Korea, Rep.;KOR;Unknown;1820
Korea, Rep.;KOR;Unknown;1821
Korea, Rep.;KOR;Unknown;1822
Korea, Rep.;KOR;Unknown;1823
Korea, Rep.;KOR;Unknown;1824
Korea, Rep.;KOR;Unknown;1825
Korea, Rep.;KOR;Unknown;1826
Korea, Rep.;KOR;Unknown;1827
Korea, Rep.;KOR;Unknown;1828
Korea, Rep.;KOR;Unknown;1829
Korea, Rep.;KOR;Unknown;1830
Korea, Rep.;KOR;Unknown;1831
Korea, Rep.;KOR;Unknown;1832
Korea, Rep.;KOR;Unknown;1833
Korea, Rep.;KOR;Unknown;1834
Korea, Rep.;KOR;Unknown;1835
Korea, Rep.;KOR;Unknown;1836
Korea, Rep.;KOR;Unknown;1837
Korea, Rep.;KOR;Unknown;1838
Korea, Rep.;KOR;Unknown;1839
Korea, Rep.;KOR;Unknown;1840
Korea, Rep.;KOR;Unknown;1841
Korea, Rep.;KOR;Unknown;1842
Korea, Rep.;KOR;Unknown;1843
Korea, Rep.;KOR;Unknown;1844
Korea, Rep.;KOR;Unknown;1845
Korea, Rep.;KOR;Unknown;1846
Korea, Rep.;KOR;Unknown;1847
Kuwait;KWT;Asia;1848
Kuwait;KWT;Asia;1849
Kuwait;KWT;Asia;1850
Kuwait;KWT;Asia;1851
Kuwait;KWT;Asia;1852
Kuwait;KWT;Asia;1853
Kuwait;KWT;Asia;1854
Kuwait;KWT;Asia;1855
Kuwait;KWT;Asia;1856
Kuwait;KWT;Asia;1857
Kuwait;KWT;Asia;1858
Kuwait;KWT;Asia;1859
Kuwait;KWT;Asia;1860
Kuwait;KWT;Asia;1861
Kuwait;KWT;Asia;1862
Kuwait;KWT;Asia;1863
Kuwait;KWT;Asia;1864
Kuwait;KWT;Asia;1865
Kuwait;KWT;Asia;1866
Kuwait;KWT;Asia;1867
Kuwait;KWT;Asia;1868
Kuwait;KWT;Asia;1869
Kuwait;KWT;Asia;1870
Kuwait;KWT;Asia;1871
Kuwait;KWT;Asia;1872
Kyrgyz Republic;KGZ;Asia;1873
Kyrgyz Republic;KGZ;Asia;1874
Kyrgyz Republic;KGZ;Asia;1875
Kyrgyz Republic;KGZ;Asia;1876
Kyrgyz Republic;KGZ;Asia;1877
Kyrgyz Republic;KGZ;Asia;1878
Kyrgyz Republic;KGZ;Asia;1879
Kyrgyz Republic;KGZ;Asia;1880
Kyrgyz Republic;KGZ;Asia;1881
Kyrgyz Republic;KGZ;Asia;1882
Kyrgyz Republic;KGZ;Asia;1883
Kyrgyz Republic;KGZ;Asia;1884
Kyrgyz Republic;KGZ;Asia;1885
Kyrgyz Republic;KGZ;Asia;1886
Kyrgyz Republic;KGZ;Asia;1887
Kyrgyz Republic;KGZ;Asia;1888
Kyrgyz Republic;KGZ;Asia;1889
Kyrgyz Republic;KGZ;Asia;1890
Kyrgyz Republic;KGZ;Asia;1891
Kyrgyz Republic;KGZ;Asia;1892
Kyrgyz Republic;KGZ;Asia;1893
Kyrgyz Republic;KGZ;Asia;1894
Kyrgyz Republic;KGZ;Asia;1895
Kyrgyz Republic;KGZ;Asia;1896
Kyrgyz Republic;KGZ;Asia;1897
Lao PDR;LAO;Unknown;1898
Lao PDR;LAO;Unknown;1899
Lao PDR;LAO;Unknown;1900
Lao PDR;LAO;Unknown;1901
Lao PDR;LAO;Unknown;1902
Lao PDR;LAO;Unknown;1903
Lao PDR;LAO;Unknown;1904
Lao PDR;LAO;Unknown;1905
Lao PDR;LAO;Unknown;1906
Lao PDR;LAO;Unknown;1907
Lao PDR;LAO;Unknown;1908
Lao PDR;LAO;Unknown;1909
Lao PDR;LAO;Unknown;1910
Lao PDR;LAO;Unknown;1911
Lao PDR;LAO;Unknown;1912
Lao PDR;LAO;Unknown;1913
Lao PDR;LAO;Unknown;1914
Lao PDR;LAO;Unknown;1915
Lao PDR;LAO;Unknown;1916
Lao PDR;LAO;Unknown;1917
Lao PDR;LAO;Unknown;1918
Lao PDR;LAO;Unknown;1919
Lao PDR;LAO;Unknown;1920
Lao PDR;LAO;Unknown;1921
Latvia;LVA;Europe;1922
Latvia;LVA;Europe;1923
Latvia;LVA;Europe;1924
Latvia;LVA;Europe;1925
Latvia;LVA;Europe;1926
Latvia;LVA;Europe;1927
Latvia;LVA;Europe;1928
Latvia;LVA;Europe;1929
Latvia;LVA;Europe;1930
Latvia;LVA;Europe;1931
Latvia;LVA;Europe;1932
Latvia;LVA;Europe;1933
Latvia;LVA;Europe;1934
Latvia;LVA;Europe;1935
Latvia;LVA;Europe;1936
Latvia;LVA;Europe;1937
Latvia;LVA;Europe;1938
Latvia;LVA;Europe;1939
Latvia;LVA;Europe;1940
Latvia;LVA;Europe;1941
Latvia;LVA;Europe;1942
Latvia;LVA;Europe;1943
Latvia;LVA;Europe;1944
Latvia;LVA;Europe;1945
Latvia;LVA;Europe;1946
Latvia;LVA;Europe;1947
Latvia;LVA;Europe;1948
Lesotho;LSO;Africa;1949
Lesotho;LSO;Africa;1950
Lesotho;LSO;Africa;1951
Lesotho;LSO;Africa;1952
Lesotho;LSO;Africa;1953
Lesotho;LSO;Africa;1954
Lesotho;LSO;Africa;1955
Lesotho;LSO;Africa;1956
Lesotho;LSO;Africa;1957
Lesotho;LSO;Africa;1958
Lesotho;LSO;Africa;1959
Lesotho;LSO;Africa;1960
Lesotho;LSO;Africa;1961
Lesotho;LSO;Africa;1962
Lesotho;LSO;Africa;1963
Lesotho;LSO;Africa;1964
Libya;LBY;Africa;1965
Libya;LBY;Africa;1966
Libya;LBY;Africa;1967
Libya;LBY;Africa;1968
Libya;LBY;Africa;1969
Libya;LBY;Africa;1970
Lithuania;LTU;Europe;1971
Lithuania;LTU;Europe;1972
Lithuania;LTU;Europe;1973
Lithuania;LTU;Europe;1974
Lithuania;LTU;Europe;1975
Lithuania;LTU;Europe;1976
Lithuania;LTU;Europe;1977
Lithuania;LTU;Europe;1978
Lithuania;LTU;Europe;1979
Lithuania;LTU;Europe;1980
Lithuania;LTU;Europe;1981
Lithuania;LTU;Europe;1982
Lithuania;LTU;Europe;1983
Lithuania;LTU;Europe;1984
Lithuania;LTU;Europe;1985
Lithuania;LTU;Europe;1986
Lithuania;LTU;Europe;1987
Lithuania;LTU;Europe;1988
Lithuania;LTU;Europe;1989
Lithuania;LTU;Europe;1990
Lithuania;LTU;Europe;1991
Lithuania;LTU;Europe;1992
Lithuania;LTU;Europe;1993
Lithuania;LTU;Europe;1994
Lithuania;LTU;Europe;1995
Lithuania;LTU;Europe;1996
Lithuania;LTU;Europe;1997
Luxembourg;LUX;Europe;1998
Luxembourg;LUX;Europe;1999
Luxembourg;LUX;Europe;2000
Luxembourg;LUX;Europe;2001
Luxembourg;LUX;Europe;2002
Luxembourg;LUX;Europe;2003
Luxembourg;LUX;Europe;2004
Luxembourg;LUX;Europe;2005
Luxembourg;LUX;Europe;2006
Luxembourg;LUX;Europe;2007
Luxembourg;LUX;Europe;2008
Luxembourg;LUX;Europe;2009
Luxembourg;LUX;Europe;2010
Luxembourg;LUX;Europe;2011
Luxembourg;LUX;Europe;2012
Luxembourg;LUX;Europe;2013
Luxembourg;LUX;Europe;2014
Luxembourg;LUX;Europe;2015
Luxembourg;LUX;Europe;2016
Madagascar;MDG;Africa;2017
Madagascar;MDG;Africa;2018
Madagascar;MDG;Africa;2019
Madagascar;MDG;Africa;2020
Madagascar;MDG;Africa;2021
Madagascar;MDG;Africa;2022
Madagascar;MDG;Africa;2023
Madagascar;MDG;Africa;2024
Madagascar;MDG;Africa;2025
Madagascar;MDG;Africa;2026
Madagascar;MDG;Africa;2027
Madagascar;MDG;Africa;2028
Madagascar;MDG;Africa;2029
Madagascar;MDG;Africa;2030
Madagascar;MDG;Africa;2031
Madagascar;MDG;Africa;2032
Madagascar;MDG;Africa;2033
Madagascar;MDG;Africa;2034
Madagascar;MDG;Africa;2035
Madagascar;MDG;Africa;2036
Madagascar;MDG;Africa;2037
Madagascar;MDG;Africa;2038
Madagascar;MDG;Africa;2039
Madagascar;MDG;Africa;2040
Madagascar;MDG;Africa;2041
Madagascar;MDG;Africa;2042
Madagascar;MDG;Africa;2043
Madagascar;MDG;Africa;2044
Madagascar;MDG;Africa;2045
Madagascar;MDG;Africa;2046
Malaysia;MYS;Asia;2047
Malaysia;MYS;Asia;2048
Malaysia;MYS;Asia;2049
Malaysia;MYS;Asia;2050
Malaysia;MYS;Asia;2051
Malaysia;MYS;Asia;2052
Malaysia;MYS;Asia;2053
Malaysia;MYS;Asia;2054
Malaysia;MYS;Asia;2055
Malaysia;MYS;Asia;2056
Malaysia;MYS;Asia;2057
Malaysia;MYS;Asia;2058
Malaysia;MYS;Asia;2059
Malaysia;MYS;Asia;2060
Malaysia;MYS;Asia;2061
Malaysia;MYS;Asia;2062
Malaysia;MYS;Asia;2063
Malaysia;MYS;Asia;2064
Malaysia;MYS;Asia;2065
Malaysia;MYS;Asia;2066
Malaysia;MYS;Asia;2067
Malaysia;MYS;Asia;2068
Mali;MLI;Africa;2069
Mali;MLI;Africa;2070
Mali;MLI;Africa;2071
Mali;MLI;Africa;2072
Mali;MLI;Africa;2073
Mali;MLI;Africa;2074
Mali;MLI;Africa;2075
Mali;MLI;Africa;2076
Mali;MLI;Africa;2077
Mali;MLI;Africa;2078
Mali;MLI;Africa;2079
Mali;MLI;Africa;2080
Mali;MLI;Africa;2081
Mali;MLI;Africa;2082
Mali;MLI;Africa;2083
Mali;MLI;Africa;2084
Mali;MLI;Africa;2085
Mali;MLI;Africa;2086
Mali;MLI;Africa;2087
Mali;MLI;Africa;2088
Mali;MLI;Africa;2089
Mali;MLI;Africa;2090
Mali;MLI;Africa;2091
Mali;MLI;Africa;2092
Mali;MLI;Africa;2093
Malta;MLT;Europe;2094
Malta;MLT;Europe;2095
Malta;MLT;Europe;2096
Malta;MLT;Europe;2097
Malta;MLT;Europe;2098
Malta;MLT;Europe;2099
Malta;MLT;Europe;2100
Malta;MLT;Europe;2101
Malta;MLT;Europe;2102
Malta;MLT;Europe;2103
Malta;MLT;Europe;2104
Malta;MLT;Europe;2105
Malta;MLT;Europe;2106
Malta;MLT;Europe;2107
Malta;MLT;Europe;2108
Malta;MLT;Europe;2109
Malta;MLT;Europe;2110
Malta;MLT;Europe;2111
Malta;MLT;Europe;2112
Malta;MLT;Europe;2113
Malta;MLT;Europe;2114
Malta;MLT;Europe;2115
Malta;MLT;Europe;2116
Malta;MLT;Europe;2117
Malta;MLT;Europe;2118
Malta;MLT;Europe;2119
Malta;MLT;Europe;2120
Malta;MLT;Europe;2121
Malta;MLT;Europe;2122
Malta;MLT;Europe;2123
Malta;MLT;Europe;2124
Mauritania;MRT;Africa;2125
Mauritania;MRT;Africa;2126
Mauritania;MRT;Africa;2127
Mauritania;MRT;Africa;2128
Mauritania;MRT;Africa;2129
Mauritania;MRT;Africa;2130
Mauritania;MRT;Africa;2131
Mauritania;MRT;Africa;2132
Mauritania;MRT;Africa;2133
Mauritania;MRT;Africa;2134
Mauritania;MRT;Africa;2135
Mauritania;MRT;Africa;2136
Mauritania;MRT;Africa;2137
Mauritania;MRT;Africa;2138
Mauritania;MRT;Africa;2139
Mauritania;MRT;Africa;2140
Mauritania;MRT;Africa;2141
Mauritania;MRT;Africa;2142
Mauritania;MRT;Africa;2143
Mauritania;MRT;Africa;2144
Mauritania;MRT;Africa;2145
Mauritius;MUS;Africa;2146
Mauritius;MUS;Africa;2147
Mauritius;MUS;Africa;2148
Mauritius;MUS;Africa;2149
Mauritius;MUS;Africa;2150
Mauritius;MUS;Africa;2151
Mauritius;MUS;Africa;2152
Mauritius;MUS;Africa;2153
Mauritius;MUS;Africa;2154
Mauritius;MUS;Africa;2155
Mauritius;MUS;Africa;2156
Mauritius;MUS;Africa;2157
Mauritius;MUS;Africa;2158
Mauritius;MUS;Africa;2159
Mauritius;MUS;Africa;2160
Mauritius;MUS;Africa;2161
Mauritius;MUS;Africa;2162
Mauritius;MUS;Africa;2163
Mauritius;MUS;Africa;2164
Mauritius;MUS;Africa;2165
Mauritius;MUS;Africa;2166
Mauritius;MUS;Africa;2167
Mauritius;MUS;Africa;2168
Mauritius;MUS;Africa;2169
Mauritius;MUS;Africa;2170
Mauritius;MUS;Africa;2171
Mauritius;MUS;Africa;2172
Mauritius;MUS;Africa;2173
Mauritius;MUS;Africa;2174
Mauritius;MUS;Africa;2175
Mauritius;MUS;Africa;2176
Mexico;MEX;North America;2177
Mexico;MEX;North America;2178
Mexico;MEX;North America;2179
Mexico;MEX;North America;2180
Mexico;MEX;North America;2181
Mexico;MEX;North America;2182
Mexico;MEX;North America;2183
Mexico;MEX;North America;2184
Mexico;MEX;North America;2185
Mexico;MEX;North America;2186
Mexico;MEX;North America;2187
Mexico;MEX;North America;2188
Mexico;MEX;North America;2189
Mexico;MEX;North America;2190
Mexico;MEX;North America;2191
Mexico;MEX;North America;2192
Mexico;MEX;North America;2193
Mexico;MEX;North America;2194
Mexico;MEX;North America;2195
Mexico;MEX;North America;2196
Mexico;MEX;North America;2197
Mexico;MEX;North America;2198
Mexico;MEX;North America;2199
Mexico;MEX;North America;2200
Mexico;MEX;North America;2201
Mexico;MEX;North America;2202
Mexico;MEX;North America;2203
Mexico;MEX;North America;2204
Mexico;MEX;North America;2205
Mexico;MEX;North America;2206
Moldova;MDA;Europe;2207
Moldova;MDA;Europe;2208
Moldova;MDA;Europe;2209
Moldova;MDA;Europe;2210
Moldova;MDA;Europe;2211
Moldova;MDA;Europe;2212
Moldova;MDA;Europe;2213
Moldova;MDA;Europe;2214
Mongolia;MNG;Asia;2215
Mongolia;MNG;Asia;2216
Mongolia;MNG;Asia;2217
Mongolia;MNG;Asia;2218
Mongolia;MNG;Asia;2219
Mongolia;MNG;Asia;2220
Mongolia;MNG;Asia;2221
Mongolia;MNG;Asia;2222
Mongolia;MNG;Asia;2223
Mongolia;MNG;Asia;2224
Mongolia;MNG;Asia;2225
Mongolia;MNG;Asia;2226
Mongolia;MNG;Asia;2227
Mongolia;MNG;Asia;2228
Mongolia;MNG;Asia;2229
Mongolia;MNG;Asia;2230
Mongolia;MNG;Asia;2231
Mongolia;MNG;Asia;2232
Mongolia;MNG;Asia;2233
Mongolia;MNG;Asia;2234
Mongolia;MNG;Asia;2235
Mongolia;MNG;Asia;2236
Montenegro;MNE;Europe;2237
Montenegro;MNE;Europe;2238
Montenegro;MNE;Europe;2239
Montenegro;MNE;Europe;2240
Montenegro;MNE;Europe;2241
Montenegro;MNE;Europe;2242
Montenegro;MNE;Europe;2243
Montenegro;MNE;Europe;2244
Montenegro;MNE;Europe;2245
Montenegro;MNE;Europe;2246
Montenegro;MNE;Europe;2247
Montenegro;MNE;Europe;2248
Montenegro;MNE;Europe;2249
Morocco;MAR;Africa;2250
Morocco;MAR;Africa;2251
Morocco;MAR;Africa;2252
Morocco;MAR;Africa;2253
Morocco;MAR;Africa;2254
Morocco;MAR;Africa;2255
Morocco;MAR;Africa;2256
Morocco;MAR;Africa;2257
Morocco;MAR;Africa;2258
Morocco;MAR;Africa;2259
Morocco;MAR;Africa;2260
Morocco;MAR;Africa;2261
Morocco;MAR;Africa;2262
Morocco;MAR;Africa;2263
Morocco;MAR;Africa;2264
Morocco;MAR;Africa;2265
Morocco;MAR;Africa;2266
Morocco;MAR;Africa;2267
Morocco;MAR;Africa;2268
Morocco;MAR;Africa;2269
Morocco;MAR;Africa;2270
Morocco;MAR;Africa;2271
Morocco;MAR;Africa;2272
Morocco;MAR;Africa;2273
Morocco;MAR;Africa;2274
Morocco;MAR;Africa;2275
Morocco;MAR;Africa;2276
Morocco;MAR;Africa;2277
Morocco;MAR;Africa;2278
Morocco;MAR;Africa;2279
Mozambique;MOZ;Africa;2280
Mozambique;MOZ;Africa;2281
Mozambique;MOZ;Africa;2282
Mozambique;MOZ;Africa;2283
Mozambique;MOZ;Africa;2284
Mozambique;MOZ;Africa;2285
Mozambique;MOZ;Africa;2286
Mozambique;MOZ;Africa;2287
Mozambique;MOZ;Africa;2288
Mozambique;MOZ;Africa;2289
Mozambique;MOZ;Africa;2290
Mozambique;MOZ;Africa;2291
Mozambique;MOZ;Africa;2292
Mozambique;MOZ;Africa;2293
Mozambique;MOZ;Africa;2294
Mozambique;MOZ;Africa;2295
Mozambique;MOZ;Africa;2296
Mozambique;MOZ;Africa;2297
Namibia;NAM;Africa;2298
Namibia;NAM;Africa;2299
Namibia;NAM;Africa;2300
Namibia;NAM;Africa;2301
Namibia;NAM;Africa;2302
Namibia;NAM;Africa;2303
Namibia;NAM;Africa;2304
Namibia;NAM;Africa;2305
Namibia;NAM;Africa;2306
Namibia;NAM;Africa;2307
Namibia;NAM;Africa;2308
Namibia;NAM;Africa;2309
Namibia;NAM;Africa;2310
Namibia;NAM;Africa;2311
Namibia;NAM;Africa;2312
Namibia;NAM;Africa;2313
Namibia;NAM;Africa;2314
Namibia;NAM;Africa;2315
Nepal;NPL;Asia;2316
Nepal;NPL;Asia;2317
Nepal;NPL;Asia;2318
Nepal;NPL;Asia;2319
Nepal;NPL;Asia;2320
Nepal;NPL;Asia;2321
Nepal;NPL;Asia;2322
Nepal;NPL;Asia;2323
Nepal;NPL;Asia;2324
Nepal;NPL;Asia;2325
Nepal;NPL;Asia;2326
Nepal;NPL;Asia;2327
Nepal;NPL;Asia;2328
Nepal;NPL;Asia;2329
Nepal;NPL;Asia;2330
Nepal;NPL;Asia;2331
Nepal;NPL;Asia;2332
Nepal;NPL;Asia;2333
Nepal;NPL;Asia;2334
Nepal;NPL;Asia;2335
Nepal;NPL;Asia;2336
Nepal;NPL;Asia;2337
Nepal;NPL;Asia;2338
Nepal;NPL;Asia;2339
Netherlands;NLD;Europe;2340
Netherlands;NLD;Europe;2341
Netherlands;NLD;Europe;2342
Netherlands;NLD;Europe;2343
Netherlands;NLD;Europe;2344
Netherlands;NLD;Europe;2345
Netherlands;NLD;Europe;2346
Netherlands;NLD;Europe;2347
Netherlands;NLD;Europe;2348
Netherlands;NLD;Europe;2349
Netherlands;NLD;Europe;2350
Netherlands;NLD;Europe;2351
Netherlands;NLD;Europe;2352
Netherlands;NLD;Europe;2353
Netherlands;NLD;Europe;2354
Netherlands;NLD;Europe;2355
Netherlands;NLD;Europe;2356
Netherlands;NLD;Europe;2357
Netherlands;NLD;Europe;2358
Netherlands;NLD;Europe;2359
Netherlands;NLD;Europe;2360
Netherlands;NLD;Europe;2361
Netherlands;NLD;Europe;2362
Netherlands;NLD;Europe;2363
Netherlands;NLD;Europe;2364
Netherlands;NLD;Europe;2365
Netherlands;NLD;Europe;2366
Netherlands;NLD;Europe;2367
Netherlands;NLD;Europe;2368
New Zealand;NZL;Oceania;2369
New Zealand;NZL;Oceania;2370
New Zealand;NZL;Oceania;2371
New Zealand;NZL;Oceania;2372
New Zealand;NZL;Oceania;2373
New Zealand;NZL;Oceania;2374
New Zealand;NZL;Oceania;2375
New Zealand;NZL;Oceania;2376
New Zealand;NZL;Oceania;2377
New Zealand;NZL;Oceania;2378
New Zealand;NZL;Oceania;2379
New Zealand;NZL;Oceania;2380
New Zealand;NZL;Oceania;2381
New Zealand;NZL;Oceania;2382
New Zealand;NZL;Oceania;2383
New Zealand;NZL;Oceania;2384
New Zealand;NZL;Oceania;2385
New Zealand;NZL;Oceania;2386
New Zealand;NZL;Oceania;2387
New Zealand;NZL;Oceania;2388
New Zealand;NZL;Oceania;2389
New Zealand;NZL;Oceania;2390
New Zealand;NZL;Oceania;2391
New Zealand;NZL;Oceania;2392
New Zealand;NZL;Oceania;2393
New Zealand;NZL;Oceania;2394
New Zealand;NZL;Oceania;2395
New Zealand;NZL;Oceania;2396
New Zealand;NZL;Oceania;2397
New Zealand;NZL;Oceania;2398
Nicaragua;NIC;North America;2399
Nicaragua;NIC;North America;2400
Nicaragua;NIC;North America;2401
Nicaragua;NIC;North America;2402
Nicaragua;NIC;North America;2403
Nicaragua;NIC;North America;2404
Nicaragua;NIC;North America;2405
Nicaragua;NIC;North America;2406
Nicaragua;NIC;North America;2407
Nicaragua;NIC;North America;2408
Nicaragua;NIC;North America;2409
Nicaragua;NIC;North America;2410
Nicaragua;NIC;North America;2411
Nicaragua;NIC;North America;2412
Nicaragua;NIC;North America;2413
Nicaragua;NIC;North America;2414
Nicaragua;NIC;North America;2415
Nicaragua;NIC;North America;2416
Nicaragua;NIC;North America;2417
Nicaragua;NIC;North America;2418
Nicaragua;NIC;North America;2419
Nicaragua;NIC;North America;2420
Niger;NER;Africa;2421
Niger;NER;Africa;2422
Niger;NER;Africa;2423
Niger;NER;Africa;2424
Niger;NER;Africa;2425
Niger;NER;Africa;2426
Niger;NER;Africa;2427
Niger;NER;Africa;2428
Niger;NER;Africa;2429
Niger;NER;Africa;2430
Niger;NER;Africa;2431
Niger;NER;Africa;2432
Niger;NER;Africa;2433
Niger;NER;Africa;2434
Niger;NER;Africa;2435
Niger;NER;Africa;2436
Niger;NER;Africa;2437
Niger;NER;Africa;2438
Niger;NER;Africa;2439
Niger;NER;Africa;2440
Niger;NER;Africa;2441
Niger;NER;Africa;2442
Niger;NER;Africa;2443
Niger;NER;Africa;2444
Niger;NER;Africa;2445
Niger;NER;Africa;2446
Niger;NER;Africa;2447
Niger;NER;Africa;2448
Niger;NER;Africa;2449
Niger;NER;Africa;2450
North Macedonia;MKD;Europe;2451
North Macedonia;MKD;Europe;2452
North Macedonia;MKD;Europe;2453
North Macedonia;MKD;Europe;2454
North Macedonia;MKD;Europe;2455
North Macedonia;MKD;Europe;2456
North Macedonia;MKD;Europe;2457
North Macedonia;MKD;Europe;2458
North Macedonia;MKD;Europe;2459
North Macedonia;MKD;Europe;2460
North Macedonia;MKD;Europe;2461
North Macedonia;MKD;Europe;2462
North Macedonia;MKD;Europe;2463
North Macedonia;MKD;Europe;2464
North Macedonia;MKD;Europe;2465
North Macedonia;MKD;Europe;2466
North Macedonia;MKD;Europe;2467
North Macedonia;MKD;Europe;2468
North Macedonia;MKD;Europe;2469
North Macedonia;MKD;Europe;2470
North Macedonia;MKD;Europe;2471
North Macedonia;MKD;Europe;2472
North Macedonia;MKD;Europe;2473
North Macedonia;MKD;Europe;2474
North Macedonia;MKD;Europe;2475
North Macedonia;MKD;Europe;2476
Norway;NOR;Europe;2477
Norway;NOR;Europe;2478
Norway;NOR;Europe;2479
Norway;NOR;Europe;2480
Norway;NOR;Europe;2481
Norway;NOR;Europe;2482
Norway;NOR;Europe;2483
Norway;NOR;Europe;2484
Norway;NOR;Europe;2485
Norway;NOR;Europe;2486
Norway;NOR;Europe;2487
Norway;NOR;Europe;2488
Norway;NOR;Europe;2489
Norway;NOR;Europe;2490
Norway;NOR;Europe;2491
Norway;NOR;Europe;2492
Norway;NOR;Europe;2493
Norway;NOR;Europe;2494
Norway;NOR;Europe;2495
Norway;NOR;Europe;2496
Norway;NOR;Europe;2497
Norway;NOR;Europe;2498
Norway;NOR;Europe;2499
Norway;NOR;Europe;2500
Norway;NOR;Europe;2501
Norway;NOR;Europe;2502
Norway;NOR;Europe;2503
Norway;NOR;Europe;2504
Norway;NOR;Europe;2505
Norway;NOR;Europe;2506
Norway;NOR;Europe;2507
Oman;OMN;Asia;2508
Oman;OMN;Asia;2509
Oman;OMN;Asia;2510
Oman;OMN;Asia;2511
Oman;OMN;Asia;2512
Oman;OMN;Asia;2513
Oman;OMN;Asia;2514
Oman;OMN;Asia;2515
Oman;OMN;Asia;2516
Oman;OMN;Asia;2517
Oman;OMN;Asia;2518
Oman;OMN;Asia;2519
Oman;OMN;Asia;2520
Oman;OMN;Asia;2521
Oman;OMN;Asia;2522
Oman;OMN;Asia;2523
Oman;OMN;Asia;2524
Oman;OMN;Asia;2525
Oman;OMN;Asia;2526
Oman;OMN;Asia;2527
Pakistan;PAK;Asia;2528
Pakistan;PAK;Asia;2529
Pakistan;PAK;Asia;2530
Pakistan;PAK;Asia;2531
Pakistan;PAK;Asia;2532
Pakistan;PAK;Asia;2533
Pakistan;PAK;Asia;2534
Pakistan;PAK;Asia;2535
Pakistan;PAK;Asia;2536
Pakistan;PAK;Asia;2537
Pakistan;PAK;Asia;2538
Pakistan;PAK;Asia;2539
Pakistan;PAK;Asia;2540
Pakistan;PAK;Asia;2541
Pakistan;PAK;Asia;2542
Pakistan;PAK;Asia;2543
Pakistan;PAK;Asia;2544
Pakistan;PAK;Asia;2545
Pakistan;PAK;Asia;2546
Pakistan;PAK;Asia;2547
Pakistan;PAK;Asia;2548
Panama;PAN;North America;2549
Panama;PAN;North America;2550
Panama;PAN;North America;2551
Panama;PAN;North America;2552
Panama;PAN;North America;2553
Panama;PAN;North America;2554
Panama;PAN;North America;2555
Panama;PAN;North America;2556
Panama;PAN;North America;2557
Panama;PAN;North America;2558
Panama;PAN;North America;2559
Panama;PAN;North America;2560
Panama;PAN;North America;2561
Panama;PAN;North America;2562
Panama;PAN;North America;2563
Panama;PAN;North America;2564
Panama;PAN;North America;2565
Panama;PAN;North America;2566
Panama;PAN;North America;2567
Panama;PAN;North America;2568
Panama;PAN;North America;2569
Panama;PAN;North America;2570
Panama;PAN;North America;2571
Panama;PAN;North America;2572
Panama;PAN;North America;2573
Panama;PAN;North America;2574
Panama;PAN;North America;2575
Panama;PAN;North America;2576
Panama;PAN;North America;2577
Papua New Guinea;PNG;Oceania;2578
Papua New Guinea;PNG;Oceania;2579
Papua New Guinea;PNG;Oceania;2580
Papua New Guinea;PNG;Oceania;2581
Papua New Guinea;PNG;Oceania;2582
Papua New Guinea;PNG;Oceania;2583
Papua New Guinea;PNG;Oceania;2584
Papua New Guinea;PNG;Oceania;2585
Paraguay;PRY;South America;2586
Paraguay;PRY;South America;2587
Paraguay;PRY;South America;2588
Paraguay;PRY;South America;2589
Paraguay;PRY;South America;2590
Paraguay;PRY;South America;2591
Paraguay;PRY;South America;2592
Paraguay;PRY;South America;2593
Paraguay;PRY;South America;2594
Paraguay;PRY;South America;2595
Paraguay;PRY;South America;2596
Paraguay;PRY;South America;2597
Paraguay;PRY;South America;2598
Paraguay;PRY;South America;2599
Paraguay;PRY;South America;2600
Paraguay;PRY;South America;2601
Paraguay;PRY;South America;2602
Paraguay;PRY;South America;2603
Paraguay;PRY;South America;2604
Paraguay;PRY;South America;2605
Paraguay;PRY;South America;2606
Paraguay;PRY;South America;2607
Paraguay;PRY;South America;2608
Paraguay;PRY;South America;2609
Paraguay;PRY;South America;2610
Peru;PER;South America;2611
Peru;PER;South America;2612
Peru;PER;South America;2613
Peru;PER;South America;2614
Peru;PER;South America;2615
Peru;PER;South America;2616
Peru;PER;South America;2617
Peru;PER;South America;2618
Peru;PER;South America;2619
Peru;PER;South America;2620
Peru;PER;South America;2621
Peru;PER;South America;2622
Peru;PER;South America;2623
Peru;PER;South America;2624
Peru;PER;South America;2625
Peru;PER;South America;2626
Peru;PER;South America;2627
Peru;PER;South America;2628
Peru;PER;South America;2629
Peru;PER;South America;2630
Peru;PER;South America;2631
Peru;PER;South America;2632
Peru;PER;South America;2633
Peru;PER;South America;2634
Peru;PER;South America;2635
Peru;PER;South America;2636
Peru;PER;South America;2637
Peru;PER;South America;2638
Peru;PER;South America;2639
Peru;PER;South America;2640
Philippines;PHL;Asia;2641
Philippines;PHL;Asia;2642
Philippines;PHL;Asia;2643
Philippines;PHL;Asia;2644
Philippines;PHL;Asia;2645
Philippines;PHL;Asia;2646
Philippines;PHL;Asia;2647
Philippines;PHL;Asia;2648
Philippines;PHL;Asia;2649
Philippines;PHL;Asia;2650
Philippines;PHL;Asia;2651
Philippines;PHL;Asia;2652
Philippines;PHL;Asia;2653
Philippines;PHL;Asia;2654
Philippines;PHL;Asia;2655
Philippines;PHL;Asia;2656
Philippines;PHL;Asia;2657
Philippines;PHL;Asia;2658
Philippines;PHL;Asia;2659
Philippines;PHL;Asia;2660
Philippines;PHL;Asia;2661
Philippines;PHL;Asia;2662
Philippines;PHL;Asia;2663
Philippines;PHL;Asia;2664
Philippines;PHL;Asia;2665
Poland;POL;Europe;2666
Poland;POL;Europe;2667
Poland;POL;Europe;2668
Poland;POL;Europe;2669
Poland;POL;Europe;2670
Poland;POL;Europe;2671
Poland;POL;Europe;2672
Poland;POL;Europe;2673
Poland;POL;Europe;2674
Poland;POL;Europe;2675
Poland;POL;Europe;2676
Poland;POL;Europe;2677
Poland;POL;Europe;2678
Poland;POL;Europe;2679
Poland;POL;Europe;2680
Poland;POL;Europe;2681
Poland;POL;Europe;2682
Poland;POL;Europe;2683
Poland;POL;Europe;2684
Poland;POL;Europe;2685
Poland;POL;Europe;2686
Poland;POL;Europe;2687
Poland;POL;Europe;2688
Poland;POL;Europe;2689
Poland;POL;Europe;2690
Portugal;PRT;Europe;2691
Portugal;PRT;Europe;2692
Portugal;PRT;Europe;2693
Portugal;PRT;Europe;2694
Portugal;PRT;Europe;2695
Portugal;PRT;Europe;2696
Portugal;PRT;Europe;2697
Portugal;PRT;Europe;2698
Portugal;PRT;Europe;2699
Portugal;PRT;Europe;2700
Portugal;PRT;Europe;2701
Portugal;PRT;Europe;2702
Portugal;PRT;Europe;2703
Portugal;PRT;Europe;2704
Portugal;PRT;Europe;2705
Portugal;PRT;Europe;2706
Portugal;PRT;Europe;2707
Portugal;PRT;Europe;2708
Portugal;PRT;Europe;2709
Portugal;PRT;Europe;2710
Portugal;PRT;Europe;2711
Portugal;PRT;Europe;2712
Portugal;PRT;Europe;2713
Portugal;PRT;Europe;2714
Portugal;PRT;Europe;2715
Portugal;PRT;Europe;2716
Portugal;PRT;Europe;2717
Portugal;PRT;Europe;2718
Portugal;PRT;Europe;2719
Portugal;PRT;Europe;2720
Qatar;QAT;Asia;2721
Qatar;QAT;Asia;2722
Qatar;QAT;Asia;2723
Qatar;QAT;Asia;2724
Qatar;QAT;Asia;2725
Qatar;QAT;Asia;2726
Qatar;QAT;Asia;2727
Qatar;QAT;Asia;2728
Qatar;QAT;Asia;2729
Qatar;QAT;Asia;2730
Qatar;QAT;Asia;2731
Qatar;QAT;Asia;2732
Qatar;QAT;Asia;2733
Qatar;QAT;Asia;2734
Qatar;QAT;Asia;2735
Qatar;QAT;Asia;2736
Qatar;QAT;Asia;2737
Qatar;QAT;Asia;2738
Qatar;QAT;Asia;2739
Qatar;QAT;Asia;2740
Qatar;QAT;Asia;2741
Qatar;QAT;Asia;2742
Qatar;QAT;Asia;2743
Qatar;QAT;Asia;2744
Qatar;QAT;Asia;2745
Qatar;QAT;Asia;2746
Qatar;QAT;Asia;2747
Qatar;QAT;Asia;2748
Romania;ROU;Europe;2749
Romania;ROU;Europe;2750
Romania;ROU;Europe;2751
Romania;ROU;Europe;2752
Romania;ROU;Europe;2753
Romania;ROU;Europe;2754
Romania;ROU;Europe;2755
Romania;ROU;Europe;2756
Romania;ROU;Europe;2757
Romania;ROU;Europe;2758
Romania;ROU;Europe;2759
Romania;ROU;Europe;2760
Romania;ROU;Europe;2761
Romania;ROU;Europe;2762
Romania;ROU;Europe;2763
Romania;ROU;Europe;2764
Romania;ROU;Europe;2765
Romania;ROU;Europe;2766
Romania;ROU;Europe;2767
Romania;ROU;Europe;2768
Romania;ROU;Europe;2769
Romania;ROU;Europe;2770
Romania;ROU;Europe;2771
Romania;ROU;Europe;2772
Romania;ROU;Europe;2773
Romania;ROU;Europe;2774
Romania;ROU;Europe;2775
Romania;ROU;Europe;2776
Romania;ROU;Europe;2777
Russian Federation;RUS;Europe;2778
Russian Federation;RUS;Europe;2779
Russian Federation;RUS;Europe;2780
Russian Federation;RUS;Europe;2781
Russian Federation;RUS;Europe;2782
Russian Federation;RUS;Europe;2783
Russian Federation;RUS;Europe;2784
Russian Federation;RUS;Europe;2785
Russian Federation;RUS;Europe;2786
Russian Federation;RUS;Europe;2787
Russian Federation;RUS;Europe;2788
Russian Federation;RUS;Europe;2789
Russian Federation;RUS;Europe;2790
Russian Federation;RUS;Europe;2791
Russian Federation;RUS;Europe;2792
Russian Federation;RUS;Europe;2793
Russian Federation;RUS;Europe;2794
Russian Federation;RUS;Europe;2795
Russian Federation;RUS;Europe;2796
Russian Federation;RUS;Europe;2797
Russian Federation;RUS;Europe;2798
Russian Federation;RUS;Europe;2799
Russian Federation;RUS;Europe;2800
Russian Federation;RUS;Europe;2801
Russian Federation;RUS;Europe;2802
Russian Federation;RUS;Europe;2803
Russian Federation;RUS;Europe;2804
Russian Federation;RUS;Europe;2805
Rwanda;RWA;Africa;2806
Rwanda;RWA;Africa;2807
Rwanda;RWA;Africa;2808
Rwanda;RWA;Africa;2809
Rwanda;RWA;Africa;2810
Rwanda;RWA;Africa;2811
Rwanda;RWA;Africa;2812
Rwanda;RWA;Africa;2813
Rwanda;RWA;Africa;2814
Rwanda;RWA;Africa;2815
Rwanda;RWA;Africa;2816
Rwanda;RWA;Africa;2817
Rwanda;RWA;Africa;2818
Rwanda;RWA;Africa;2819
Rwanda;RWA;Africa;2820
Rwanda;RWA;Africa;2821
Rwanda;RWA;Africa;2822
Rwanda;RWA;Africa;2823
Rwanda;RWA;Africa;2824
Rwanda;RWA;Africa;2825
Rwanda;RWA;Africa;2826
Rwanda;RWA;Africa;2827
Rwanda;RWA;Africa;2828
Rwanda;RWA;Africa;2829
Rwanda;RWA;Africa;2830
Rwanda;RWA;Africa;2831
Samoa;WSM;Oceania;2832
Samoa;WSM;Oceania;2833
Samoa;WSM;Oceania;2834
Samoa;WSM;Oceania;2835
Samoa;WSM;Oceania;2836
Samoa;WSM;Oceania;2837
Samoa;WSM;Oceania;2838
Samoa;WSM;Oceania;2839
Samoa;WSM;Oceania;2840
Samoa;WSM;Oceania;2841
Samoa;WSM;Oceania;2842
Samoa;WSM;Oceania;2843
Samoa;WSM;Oceania;2844
Samoa;WSM;Oceania;2845
Samoa;WSM;Oceania;2846
Samoa;WSM;Oceania;2847
Samoa;WSM;Oceania;2848
Samoa;WSM;Oceania;2849
Samoa;WSM;Oceania;2850
Saudi Arabia;SAU;Asia;2851
Saudi Arabia;SAU;Asia;2852
Saudi Arabia;SAU;Asia;2853
Saudi Arabia;SAU;Asia;2854
Saudi Arabia;SAU;Asia;2855
Saudi Arabia;SAU;Asia;2856
Saudi Arabia;SAU;Asia;2857
Saudi Arabia;SAU;Asia;2858
Saudi Arabia;SAU;Asia;2859
Saudi Arabia;SAU;Asia;2860
Saudi Arabia;SAU;Asia;2861
Saudi Arabia;SAU;Asia;2862
Saudi Arabia;SAU;Asia;2863
Saudi Arabia;SAU;Asia;2864
Saudi Arabia;SAU;Asia;2865
Saudi Arabia;SAU;Asia;2866
Senegal;SEN;Africa;2867
Senegal;SEN;Africa;2868
Senegal;SEN;Africa;2869
Senegal;SEN;Africa;2870
Senegal;SEN;Africa;2871
Senegal;SEN;Africa;2872
Senegal;SEN;Africa;2873
Senegal;SEN;Africa;2874
Senegal;SEN;Africa;2875
Senegal;SEN;Africa;2876
Senegal;SEN;Africa;2877
Senegal;SEN;Africa;2878
Senegal;SEN;Africa;2879
Senegal;SEN;Africa;2880
Senegal;SEN;Africa;2881
Senegal;SEN;Africa;2882
Senegal;SEN;Africa;2883
Senegal;SEN;Africa;2884
Senegal;SEN;Africa;2885
Senegal;SEN;Africa;2886
Senegal;SEN;Africa;2887
Senegal;SEN;Africa;2888
Senegal;SEN;Africa;2889
Senegal;SEN;Africa;2890
Senegal;SEN;Africa;2891
Senegal;SEN;Africa;2892
Senegal;SEN;Africa;2893
Senegal;SEN;Africa;2894
Senegal;SEN;Africa;2895
Serbia;SRB;Europe;2896
Serbia;SRB;Europe;2897
Serbia;SRB;Europe;2898
Serbia;SRB;Europe;2899
Serbia;SRB;Europe;2900
Serbia;SRB;Europe;2901
Serbia;SRB;Europe;2902
Serbia;SRB;Europe;2903
Serbia;SRB;Europe;2904
Serbia;SRB;Europe;2905
Serbia;SRB;Europe;2906
Serbia;SRB;Europe;2907
Serbia;SRB;Europe;2908
Serbia;SRB;Europe;2909
Serbia;SRB;Europe;2910
Sierra Leone;SLE;Africa;2911
Sierra Leone;SLE;Africa;2912
Sierra Leone;SLE;Africa;2913
Sierra Leone;SLE;Africa;2914
Sierra Leone;SLE;Africa;2915
Sierra Leone;SLE;Africa;2916
Sierra Leone;SLE;Africa;2917
Sierra Leone;SLE;Africa;2918
Sierra Leone;SLE;Africa;2919
Sierra Leone;SLE;Africa;2920
Sierra Leone;SLE;Africa;2921
Singapore;SGP;Asia;2922
Singapore;SGP;Asia;2923
Singapore;SGP;Asia;2924
Singapore;SGP;Asia;2925
Singapore;SGP;Asia;2926
Singapore;SGP;Asia;2927
Singapore;SGP;Asia;2928
Singapore;SGP;Asia;2929
Singapore;SGP;Asia;2930
Singapore;SGP;Asia;2931
Singapore;SGP;Asia;2932
Singapore;SGP;Asia;2933
Slovak Republic;SVK;Europe;2934
Slovak Republic;SVK;Europe;2935
Slovak Republic;SVK;Europe;2936
Slovak Republic;SVK;Europe;2937
Slovak Republic;SVK;Europe;2938
Slovak Republic;SVK;Europe;2939
Slovak Republic;SVK;Europe;2940
Slovak Republic;SVK;Europe;2941
Slovak Republic;SVK;Europe;2942
Slovak Republic;SVK;Europe;2943
Slovak Republic;SVK;Europe;2944
Slovak Republic;SVK;Europe;2945
Slovak Republic;SVK;Europe;2946
Slovak Republic;SVK;Europe;2947
Slovak Republic;SVK;Europe;2948
Slovak Republic;SVK;Europe;2949
Slovak Republic;SVK;Europe;2950
Slovak Republic;SVK;Europe;2951
Slovak Republic;SVK;Europe;2952
Slovak Republic;SVK;Europe;2953
Slovak Republic;SVK;Europe;2954
Slovak Republic;SVK;Europe;2955
Slovak Republic;SVK;Europe;2956
Slovak Republic;SVK;Europe;2957
Slovak Republic;SVK;Europe;2958
Slovak Republic;SVK;Europe;2959
Slovak Republic;SVK;Europe;2960
Slovak Republic;SVK;Europe;2961
Slovak Republic;SVK;Europe;2962
Slovenia;SVN;Europe;2963
Slovenia;SVN;Europe;2964
Slovenia;SVN;Europe;2965
Slovenia;SVN;Europe;2966
Slovenia;SVN;Europe;2967
Slovenia;SVN;Europe;2968
Slovenia;SVN;Europe;2969
Slovenia;SVN;Europe;2970
Slovenia;SVN;Europe;2971
Slovenia;SVN;Europe;2972
Slovenia;SVN;Europe;2973
Slovenia;SVN;Europe;2974
Slovenia;SVN;Europe;2975
Slovenia;SVN;Europe;2976
Slovenia;SVN;Europe;2977
Slovenia;SVN;Europe;2978
Slovenia;SVN;Europe;2979
Slovenia;SVN;Europe;2980
Slovenia;SVN;Europe;2981
Slovenia;SVN;Europe;2982
Slovenia;SVN;Europe;2983
Slovenia;SVN;Europe;2984
Slovenia;SVN;Europe;2985
Slovenia;SVN;Europe;2986
Slovenia;SVN;Europe;2987
Slovenia;SVN;Europe;2988
Slovenia;SVN;Europe;2989
Slovenia;SVN;Europe;2990
Slovenia;SVN;Europe;2991
Slovenia;SVN;Europe;2992
Solomon Islands;SLB;Oceania;2993
Solomon Islands;SLB;Oceania;2994
Solomon Islands;SLB;Oceania;2995
Solomon Islands;SLB;Oceania;2996
Solomon Islands;SLB;Oceania;2997
Solomon Islands;SLB;Oceania;2998
Solomon Islands;SLB;Oceania;2999
Solomon Islands;SLB;Oceania;3000
Solomon Islands;SLB;Oceania;3001
Solomon Islands;SLB;Oceania;3002
Solomon Islands;SLB;Oceania;3003
Solomon Islands;SLB;Oceania;3004
Solomon Islands;SLB;Oceania;3005
Solomon Islands;SLB;Oceania;3006
Solomon Islands;SLB;Oceania;3007
Solomon Islands;SLB;Oceania;3008
Solomon Islands;SLB;Oceania;3009
South Africa;ZAF;Africa;3010
South Africa;ZAF;Africa;3011
South Africa;ZAF;Africa;3012
South Africa;ZAF;Africa;3013
South Africa;ZAF;Africa;3014
South Africa;ZAF;Africa;3015
South Africa;ZAF;Africa;3016
South Africa;ZAF;Africa;3017
South Africa;ZAF;Africa;3018
South Africa;ZAF;Africa;3019
South Africa;ZAF;Africa;3020
South Africa;ZAF;Africa;3021
South Africa;ZAF;Africa;3022
South Africa;ZAF;Africa;3023
South Africa;ZAF;Africa;3024
South Africa;ZAF;Africa;3025
South Africa;ZAF;Africa;3026
South Africa;ZAF;Africa;3027
South Africa;ZAF;Africa;3028
South Africa;ZAF;Africa;3029
South Africa;ZAF;Africa;3030
South Africa;ZAF;Africa;3031
South Africa;ZAF;Africa;3032
South Africa;ZAF;Africa;3033
South Africa;ZAF;Africa;3034
South Sudan;SSD;Africa;3035
South Sudan;SSD;Africa;3036